window,pred_peak,upper_bound
1,4,5
2,4,6
3,4,4
4,4,4
5,4,5
6,4,5
7,4,4
8,4,4
9,4,4
10,4,4
11,4,5
12,4,5
13,4,5
14,4,4
15,4,5
16,4,4
18,4,4
19,4,4
20,4,4
21,4,4
22,4,5
23,4,5
24,4,4
25,4,5
26,4,4
27,4,4
28,4,4
30,4,5
31,4,6
32,4,4
33,4,4
34,4,4
35,4,5
36,4,4
37,4,5
38,4,5
39,4,6
40,4,4
41,4,4
42,4,5
43,4,5
44,4,4
45,4,5
46,4,5
47,4,5
48,4,7
50,4,7
52,4,5
53,4,4
54,4,6
55,4,5
57,4,4
58,4,4
59,4,4
60,4,4
61,4,4
62,4,4
63,4,4
64,4,4
65,4,5
66,4,5
67,4,4
68,4,4
69,4,6
70,4,4
71,4,4
72,4,5
73,4,4
74,4,5
75,4,4
76,4,7
77,4,4
78,4,4
79,4,4
80,4,4
81,4,4
82,4,4
83,4,5
84,4,4
85,4,4
86,4,4
87,4,4
88,4,4
89,4,4
90,4,5
91,4,5
92,4,4
93,4,5
94,4,4
95,4,5
97,4,4
98,4,4
99,4,5
100,4,4
101,4,5
102,4,4
103,4,4
104,4,4
105,4,5
106,4,5
107,4,4
108,4,4
109,4,4
110,4,4
111,4,4
112,4,4
114,4,4
115,4,4
116,4,4
117,4,6
118,4,4
119,4,5
120,4,4
121,4,5
122,4,6
124,4,4
125,4,4
127,4,4
128,4,5
129,4,5
130,4,5
131,4,4
132,4,4
133,4,4
134,4,4
135,4,4
136,4,5
137,4,4
138,4,5
139,4,4
140,4,5
141,4,5
142,4,4
143,4,4
144,4,4
145,4,4
146,4,4
147,4,6
148,4,5
149,4,4
150,4,4
151,4,4
152,4,4
153,4,4
154,4,4
155,4,4
156,4,4
158,4,5
159,4,4
160,4,5
161,4,4
162,4,6
163,4,4
165,4,4
167,4,4
168,4,5
169,4,5
170,4,5
171,4,4
172,4,4
173,4,5
174,4,4
175,4,4
176,4,4
177,4,6
178,4,4
179,4,4
181,4,4
182,4,4
183,4,4
184,4,4
185,4,4
186,4,4
187,4,4
188,4,4
189,4,5
190,4,5
191,4,5
192,4,6
193,4,4
194,4,4
195,4,4
196,4,5
197,4,4
198,4,4
199,4,4
200,4,4
202,4,5
203,4,4
204,4,4
205,4,4
206,4,4
207,4,6
208,4,6
209,4,6
210,4,4
211,4,5
212,4,5
213,4,4
214,4,4
215,4,5
216,4,4
217,4,4
218,4,5
219,4,5
220,4,4
221,4,4
222,4,4
223,4,6
224,4,4
225,4,5
226,4,4
227,4,5
228,4,5
229,4,4
230,4,4
231,4,4
232,4,4
233,4,6
234,4,4
235,4,5
238,4,5
239,4,5
240,4,4
241,4,4
242,4,4
243,4,4
244,4,4
245,4,4
246,4,4
247,4,4
248,4,4
249,4,4
250,4,4
251,4,4
252,4,5
253,4,4
254,4,4
255,4,4
256,4,4
257,4,4
258,4,4
259,4,4
260,4,4
261,4,5
262,4,4
263,4,5
264,4,4
265,4,4
266,4,4
267,4,5
268,4,5
269,4,4
270,4,4
271,4,4
272,4,4
273,4,4
274,4,4
275,4,4
276,4,5
277,4,4
278,4,4
279,4,4
280,4,4
281,4,4
282,4,5
283,4,5
284,4,5
285,4,4
286,4,4
287,4,4
288,4,4
289,4,4
290,4,4
291,4,6
292,4,4
293,4,7
294,4,4
295,4,4
296,4,4
297,4,6
298,4,7
299,4,4
300,4,4
301,4,4
302,4,4
303,4,4
304,4,5
305,4,4
306,4,4
307,4,5
308,4,4
309,4,4
310,4,4
311,4,4
312,4,4
313,4,4
314,4,4
315,4,4
316,4,5
317,4,4
318,4,4
319,4,5
320,4,4
321,4,4
322,4,4
323,4,5
324,4,4
325,4,5
326,4,4
327,4,4
328,4,4
329,4,4
330,4,4
331,4,4
332,4,4
333,4,4
334,4,5
335,4,4
336,4,5
337,4,6
338,4,5
339,4,4
340,4,5
341,4,4
342,4,4
343,4,6
344,4,4
345,4,5
346,4,4
347,4,6
348,4,4
349,4,4
350,4,4
351,4,7
353,4,5
354,4,7
355,4,6
356,4,6
357,4,4
358,4,7
360,4,4
361,4,5
362,4,4
363,4,4
364,4,6
368,4,4
369,4,5
371,4,4
372,4,6
373,4,4
374,4,6
375,4,5
377,4,5
378,4,4
379,4,5
380,4,6
381,4,5
382,4,4
384,4,4
385,4,4
386,4,6
387,4,4
388,4,4
389,4,4
390,4,4
391,4,4
392,4,4
393,4,6
394,4,4
395,4,4
397,4,4
398,4,4
399,4,6
400,4,4
401,4,5
402,4,5
403,4,5
404,4,4
406,4,8
407,4,4
408,4,4
409,4,5
410,4,6
411,4,4
413,4,4
414,4,4
415,4,4
416,4,4
417,4,4
418,4,5
419,4,6
420,4,4
421,4,6
422,4,4
423,4,4
424,4,4
425,4,5
426,4,4
428,4,7
429,4,4
430,4,5
431,4,4
432,4,7
434,4,4
435,4,5
436,4,7
437,4,4
438,4,5
439,4,7
441,4,4
442,4,4
443,4,4
445,4,5
446,4,4
447,4,5
448,4,5
449,4,4
451,4,4
452,4,5
453,4,5
454,4,5
455,4,5
456,4,4
459,4,4
460,4,4
461,4,6
462,4,5
463,4,4
464,4,4
465,4,4
467,4,4
469,4,5
470,4,4
471,4,5
473,4,5
474,4,4
475,4,5
476,4,4
477,4,6
478,4,5
479,4,5
480,4,6
481,4,4
482,4,5
483,4,5
484,4,4
485,4,4
486,4,4
487,4,4
488,4,6
490,4,5
491,4,5
492,4,4
493,4,4
494,4,4
495,4,4
496,4,4
497,4,4
498,4,4
499,4,5
500,4,6
502,4,4
503,4,4
504,4,4
507,4,5
508,4,5
511,4,5
512,4,4
513,4,4
514,4,4
515,4,4
516,4,4
519,4,4
521,4,4
522,4,4
523,4,5
524,4,4
525,4,4
526,4,5
527,4,4
529,4,4
530,4,4
533,4,5
534,4,5
535,4,6
536,4,6
537,4,4
538,4,4
539,4,4
540,4,5
541,4,4
542,4,4
543,4,4
544,4,5
545,4,4
546,4,4
547,4,4
549,4,4
550,4,4
551,4,4
552,4,4
554,4,4
556,4,8
558,4,5
559,4,4
560,4,5
561,4,4
562,4,4
563,4,4
564,4,4
565,4,4
566,4,4
567,4,4
569,4,4
571,4,4
572,4,4
573,4,4
574,4,5
575,4,6
576,4,6
577,4,4
578,4,4
579,4,7
580,4,4
581,4,4
583,4,6
584,4,5
587,4,4
588,4,4
589,4,5
590,4,4
591,4,4
593,4,4
594,4,4
595,4,5
596,4,5
598,4,4
599,4,4
600,4,4
601,4,4
602,4,6
604,4,4
605,4,4
606,4,4
608,4,4
609,4,4
610,4,5
612,4,5
613,4,4
614,4,4
615,4,6
616,4,6
617,4,4
618,4,6
619,4,5
620,4,4
621,4,4
623,4,9
624,4,5
625,4,4
627,4,4
628,4,6
630,4,4
631,4,7
632,4,4
633,4,6
635,4,4
636,4,4
637,4,6
641,4,5
642,4,5
643,4,5
645,4,4
646,4,5
647,4,5
648,4,5
649,4,4
650,4,4
652,4,9
653,4,4
654,4,4
655,4,4
657,4,5
658,4,4
659,4,4
660,4,5
661,4,4
662,4,4
663,4,4
664,4,6
665,4,6
667,4,6
668,4,5
669,4,4
671,4,5
672,4,4
674,4,4
675,4,4
676,4,4
677,4,4
678,4,4
679,4,4
680,4,5
681,4,4
684,4,6
687,4,4
688,4,4
689,4,5
690,4,4
691,4,4
692,4,4
693,4,5
695,4,4
696,4,4
698,4,5
699,4,5
701,4,4
702,4,4
703,4,5
704,4,4
705,4,6
708,4,4
709,4,4
710,4,4
712,4,5
713,4,4
714,4,5
715,4,4
716,4,4
717,4,4
719,4,4
720,4,4
721,4,7
722,4,4
724,4,5
726,4,4
727,4,6
729,4,4
730,4,5
731,4,4
732,4,4
733,4,4
734,4,4
735,4,6
736,4,5
737,4,4
740,4,6
741,4,4
742,4,4
744,4,4
745,4,4
746,4,5
747,4,5
748,4,5
750,4,4
751,4,4
752,4,5
753,4,4
754,4,4
755,4,5
756,4,4
757,4,4
758,4,6
759,4,5
760,4,4
761,4,4
762,4,5
764,4,4
765,4,5
766,4,4
767,4,4
768,4,4
769,4,4
770,4,4
771,4,4
772,4,5
773,4,4
775,4,4
776,4,5
777,4,4
778,4,4
780,4,8
781,4,4
782,4,5
783,4,6
784,4,4
785,4,5
786,4,5
787,4,4
789,4,4
790,4,4
791,4,4
792,4,4
793,4,4
794,4,4
795,4,4
796,4,4
797,4,5
798,4,4
799,4,5
800,4,4
801,4,4
802,4,6
805,4,5
806,4,4
807,4,5
808,4,4
809,4,5
810,4,4
811,4,6
812,4,5
813,4,5
814,4,4
815,4,4
816,4,5
817,4,4
818,4,4
819,4,4
820,4,5
821,4,4
822,4,5
823,4,5
825,4,4
826,4,5
827,4,4
828,4,4
829,4,5
831,4,4
832,4,5
834,4,5
835,4,4
837,4,9
838,4,4
839,4,5
840,4,4
842,4,4
844,4,4
845,4,4
847,4,4
848,4,5
849,4,4
851,4,4
852,4,4
853,4,4
854,4,4
855,4,4
857,4,4
858,4,7
859,4,4
860,4,6
861,4,4
863,4,5
865,4,4
866,4,6
867,4,4
868,4,4
869,4,4
870,4,4
871,4,5
872,4,5
875,4,4
876,4,6
877,4,4
878,4,5
879,4,4
880,4,6
881,4,5
882,4,4
883,4,4
884,4,6
885,4,4
886,4,4
887,4,5
888,4,5
889,4,6
890,4,4
891,4,4
892,4,4
893,4,4
894,4,5
895,4,6
896,4,4
897,4,4
898,4,4
899,4,6
900,4,4
901,4,4
902,4,6
903,4,4
904,4,4
905,4,4
906,4,4
909,4,4
910,4,4
911,4,4
912,4,6
913,4,4
914,4,5
915,4,6
916,4,4
917,4,5
918,4,4
919,4,5
920,4,6
921,4,5
924,4,6
925,4,4
926,4,4
927,4,4
928,4,4
929,4,4
930,4,4
931,4,4
932,4,5
933,4,4
934,4,4
936,4,5
937,4,4
938,4,4
939,4,5
940,4,4
941,4,4
943,4,4
944,4,4
945,4,4
946,4,4
947,4,4
948,4,4
949,4,4
950,4,4
951,4,4
952,4,4
954,4,5
955,4,4
956,4,4
957,4,4
958,4,6
959,4,4
960,4,6
961,4,4
963,4,4
965,4,4
966,4,5
967,4,4
968,4,5
969,4,4
970,4,4
971,4,4
972,4,4
973,4,6
975,4,6
976,4,6
977,4,4
978,4,4
979,4,5
980,4,5
981,4,4
982,4,4
983,4,4
984,4,4
985,4,4
986,4,4
988,4,5
989,4,6
991,4,4
992,4,4
993,4,4
994,4,7
995,4,4
996,4,4
997,4,5
998,4,5
999,4,5
1000,4,4
1001,4,5
1002,4,5
1003,4,4
1004,4,4
1006,4,4
1007,4,4
1008,4,4
1009,4,4
1010,4,6
1011,4,5
1012,4,4
1013,4,5
1014,4,4
1015,4,4
1016,4,5
1017,4,4
1018,4,4
1019,4,4
1020,4,5
1021,4,5
1022,4,4
1023,4,4
1024,4,4
1025,4,4
1026,4,5
1027,4,5
1028,4,4
1029,4,4
1030,4,4
1031,4,4
1032,4,5
1033,4,5
1034,4,4
1035,4,4
1036,4,4
1037,4,6
1038,4,4
1040,4,5
1041,4,5
1042,4,5
1043,4,4
1044,4,4
1045,4,4
1046,4,4
1047,4,5
1048,4,4
1050,4,4
1051,4,5
1053,4,6
1054,4,5
1055,4,4
1056,4,5
1057,4,4
1058,4,4
1059,4,4
1060,4,5
1062,4,4
1063,4,4
1064,4,4
1065,4,4
1066,4,5
1067,4,4
1068,4,4
1069,4,4
1070,4,4
1071,4,4
1072,4,4
1073,4,4
1074,4,4
1075,4,5
1076,4,4
1077,4,4
1078,4,4
1079,4,4
1080,4,4
1082,4,8
1083,4,4
1084,4,4
1085,4,5
1086,4,5
1087,4,4
1088,4,5
1089,4,4
1091,4,4
1092,4,4
1093,4,4
1094,4,4
1095,4,4
1096,4,5
1097,4,5
1098,4,4
1099,4,5
1100,4,4
1101,4,5
1102,4,6
1103,4,5
1105,4,5
1106,4,4
1107,4,4
1108,4,4
1109,4,5
1110,4,4
1111,4,4
1112,4,5
1113,4,4
1114,4,5
1115,4,5
1116,4,4
1117,4,4
1118,4,4
1119,4,4
1120,4,4
1122,4,4
1123,4,5
1124,4,6
1125,4,4
1126,4,5
1127,4,4
1128,4,4
1129,4,4
1130,4,5
1131,4,4
1133,4,6
1134,4,4
1135,4,5
1136,4,4
1137,4,4
1138,4,4
1139,4,4
1140,4,4
1141,4,5
1142,4,5
1143,4,4
1145,4,5
1146,4,5
1147,4,5
1148,4,4
1150,4,4
1151,4,4
1153,4,4
1154,4,4
1155,4,4
1156,4,4
1157,4,4
1158,4,4
1159,4,4
1160,4,4
1161,4,4
1162,4,5
1163,4,5
1165,4,4
1166,4,5
1167,4,4
1168,4,5
1169,4,4
1170,4,4
1171,4,4
1172,4,4
1173,4,4
1174,4,4
1175,4,4
1176,4,4
1177,4,4
1178,4,4
1179,4,4
1180,4,5
1182,4,4
1183,4,5
1184,4,5
1185,4,4
1186,4,5
1187,4,4
1188,4,5
1189,4,4
1191,4,4
1192,4,5
1193,4,5
1194,4,4
1195,4,4
1196,4,4
1197,4,4
1198,4,4
1199,4,4
1200,4,4
1201,4,6
1202,4,4
1203,4,5
1205,4,4
1206,4,4
1208,4,5
1209,4,4
1210,4,4
1213,4,4
1214,4,4
1215,4,4
1216,4,5
1217,4,4
1220,4,6
1221,4,7
1222,4,4
1225,4,4
1227,4,4
1228,4,5
1229,4,4
1230,4,4
1231,4,4
1232,4,6
1233,4,5
1235,4,4
1236,4,4
1237,4,4
1238,4,5
1240,4,4
1242,4,7
1243,4,4
1245,4,4
1246,4,4
1247,4,4
1248,4,4
1251,4,6
1252,4,4
1253,4,6
1254,4,4
1255,4,4
1256,4,4
1257,4,5
1258,4,5
1259,4,4
1260,4,4
1261,4,4
1262,4,4
1263,4,4
1264,4,5
1265,4,6
1266,4,4
1267,4,4
1268,4,7
1269,4,5
1270,4,5
1271,4,4
1273,4,4
1275,4,5
1276,4,6
1278,4,4
1279,4,4
1280,4,4
1281,4,5
1282,4,5
1283,4,4
1285,4,4
1286,4,5
1287,4,4
1288,4,4
1289,4,5
1290,4,4
1291,4,7
1292,4,4
1293,4,4
1294,4,4
1295,4,4
1296,4,6
1297,4,5
1298,4,4
1299,4,4
1300,4,4
1301,4,4
1302,4,4
1303,4,4
1304,4,4
1305,4,4
1306,4,4
1307,4,4
1310,4,4
1311,4,4
1312,4,4
1313,4,5
1315,4,4
1316,4,6
1317,4,4
1318,4,6
1319,4,4
1320,4,5
1321,4,5
1323,4,5
1325,4,4
1326,4,4
1327,4,4
1328,4,4
1329,4,6
1330,4,5
1331,4,4
1332,4,5
1333,4,5
1334,4,5
1337,4,4
1338,4,4
1339,4,6
1340,4,4
1341,4,4
1342,4,5
1343,4,4
1344,4,6
1345,4,4
1346,4,4
1347,4,5
1348,4,5
1349,4,4
1350,4,4
1352,4,6
1353,4,5
1354,4,4
1355,4,4
1356,4,4
1357,4,5
1358,4,4
1359,4,4
1360,4,5
1361,4,4
1362,4,6
1363,4,5
1364,4,4
1365,4,6
1368,4,4
1369,4,4
1370,4,5
1371,4,6
1372,4,6
1373,4,4
1374,4,4
1375,4,4
1376,4,4
1377,4,4
1379,4,4
1380,4,4
1381,4,4
1382,4,4
1385,4,4
1386,4,5
1387,4,4
1388,4,4
1389,4,4
1390,4,5
1391,4,4
1392,4,4
1393,4,5
1394,4,5
1395,4,4
1396,4,6
1397,4,4
1398,4,4
1399,4,4
1400,4,5
1401,4,6
1402,4,4
1403,4,4
1405,4,4
1406,4,6
1407,4,4
1408,4,4
1409,4,4
1410,4,4
1411,4,6
1412,4,6
1413,4,4
1415,4,4
1416,4,5
1417,4,4
1418,4,4
1419,4,4
1421,4,4
1422,4,4
1423,4,4
1424,4,6
1425,4,5
1426,4,5
1427,4,5
1428,4,4
1429,4,4
1430,4,4
1431,4,4
1432,4,4
1433,4,4
1434,4,4
1435,4,4
1436,4,4
1437,4,4
1438,4,7
1439,4,5
1440,4,6
1441,4,4
1443,4,4
1444,4,7
1446,4,5
1447,4,4
1448,4,5
1449,4,5
1450,4,5
1451,4,4
1452,4,6
1453,4,6
1455,4,4
1456,4,5
1457,4,5
1458,4,5
1459,4,5
1460,4,4
1462,4,4
1463,4,4
1464,4,4
1465,4,6
1466,4,4
1467,4,5
1469,4,4
1471,4,4
1472,4,4
1473,4,4
1474,4,7
1475,4,4
1476,4,7
1477,4,4
1478,4,4
1480,4,4
1481,4,5
1482,4,5
1483,4,5
1484,4,5
1485,4,4
1486,4,7
1487,4,4
1488,4,4
1490,4,4
1491,4,4
1493,4,4
1494,4,4
1495,4,5
1496,4,4
1497,4,4
1498,4,5
1499,4,4
1500,4,5
1501,4,4
1502,4,5
1503,4,5
1504,4,5
1507,4,4
1509,4,5
1510,4,6
1511,4,5
1512,4,5
1514,4,6
1516,4,4
1517,4,5
1519,4,4
1520,4,4
1521,4,5
1522,4,5
1524,4,5
1525,4,4
1526,4,4
1527,4,4
1528,4,4
1530,4,4
1531,4,5
1532,4,4
1533,4,4
1534,4,4
1535,4,4
1536,4,5
1537,4,4
1538,4,4
1539,4,4
1540,4,5
1541,4,4
1542,4,4
1543,4,5
1544,4,4
1545,4,4
1546,4,4
1547,4,5
1549,4,4
1550,4,4
1552,4,4
1553,4,4
1555,4,4
1559,4,5
1560,4,4
1561,4,7
1562,4,4
1563,4,4
1564,4,5
1565,4,5
1566,4,4
1568,4,4
1569,4,6
1570,4,4
1571,4,6
1572,4,5
1575,4,4
1577,4,4
1578,4,4
1583,4,4
1584,4,6
1585,4,4
1587,4,4
1589,4,4
1590,4,5
1591,4,4
1592,4,5
1593,4,4
1595,4,4
1596,4,4
1597,4,6
1598,4,5
1599,4,4
1600,4,4
1601,4,5
1602,4,5
1603,4,4
1604,4,4
1606,4,5
1608,4,4
1609,4,4
1610,4,4
1611,4,6
1613,4,4
1614,4,4
1615,4,4
1616,4,4
1617,4,6
1618,4,4
1619,4,4
1620,4,7
1621,4,4
1622,4,5
1623,4,4
1624,4,4
1626,4,4
1628,4,6
1629,4,4
1633,4,5
1634,4,5
1635,4,5
1636,4,4
1637,4,4
1638,4,4
1639,4,4
1640,4,4
1641,4,4
1642,4,4
1643,4,4
1644,4,4
1645,4,4
1646,4,5
1647,4,5
1648,4,6
1649,4,4
1650,4,4
1651,4,5
1652,4,5
1653,4,4
1655,4,4
1656,4,5
1657,4,6
1658,4,5
1661,4,5
1662,4,4
1663,4,4
1664,4,5
1665,4,6
1666,4,5
1668,4,5
1672,4,7
1673,4,4
1674,4,6
1675,4,5
1676,4,4
1677,4,4
1678,4,4
1679,4,4
1680,4,4
1681,4,4
1683,4,4
1684,4,4
1685,4,4
1686,4,4
1687,4,5
1688,4,4
1689,4,6
1690,4,4
1691,4,6
1692,4,4
1693,4,4
1694,4,6
1695,4,4
1696,4,4
1697,4,4
1698,4,4
1699,4,5
1701,4,6
1702,4,4
1703,4,4
1704,4,4
1705,4,4
1706,4,4
1707,4,4
1708,4,5
1709,4,5
1710,4,4
1714,4,4
1715,4,4
1716,4,4
1717,4,5
1720,4,4
1721,4,4
1723,4,4
1725,4,5
1726,4,4
1727,4,4
1728,4,5
1729,4,4
1730,4,4
1731,4,5
1732,4,6
1733,4,4
1734,4,5
1735,4,4
1736,4,4
1737,4,4
1738,4,4
1739,4,4
1741,4,4
1742,4,7
1743,4,5
1744,4,4
1745,4,5
1746,4,5
1747,4,5
1749,4,5
1751,4,4
1754,4,5
1756,4,4
1757,4,4
1758,4,5
1759,4,4
1760,4,4
1761,4,4
1762,4,4
1763,4,4
1764,4,5
1765,4,4
1766,4,4
1767,4,5
1768,4,5
1769,4,4
1770,4,5
1771,4,5
1772,4,5
1773,4,4
1776,4,4
1777,4,4
1779,4,7
1780,4,4
1782,4,5
1783,4,4
1785,4,5
1786,4,4
1788,4,6
1789,4,7
1790,4,5
1791,4,7
1792,4,4
1794,4,4
1795,4,4
1796,4,5
1797,4,4
1799,4,5
1800,4,4
1801,4,4
1802,4,4
1803,4,5
1804,4,5
1805,4,4
1806,4,4
1807,4,4
1808,4,4
1809,4,4
1811,4,4
1812,4,5
1813,4,4
1815,4,4
1816,4,4
1817,4,4
1818,4,7
1820,4,6
1821,4,5
1822,4,4
1824,4,4
1825,4,5
1826,4,4
1828,4,4
1829,4,4
1830,4,5
1831,4,4
1832,4,5
1833,4,4
1834,4,4
1835,4,5
1836,4,4
1837,4,4
1838,4,5
1839,4,7
1841,4,6
1842,4,4
1843,4,5
1845,4,4
1846,4,4
1848,4,4
1849,4,5
1850,4,4
1851,4,5
1852,4,5
1854,4,5
1855,4,7
1856,4,4
1857,4,4
1858,4,5
1859,4,7
1860,4,4
1861,4,4
1862,4,5
1863,4,5
1864,4,5
1865,4,6
1866,4,4
1867,4,4
1868,4,4
1869,4,5
1870,4,4
1871,4,5
1872,4,4
1873,4,4
1874,4,4
1875,4,5
1876,4,6
1877,4,4
1878,4,4
1879,4,6
1880,4,4
1882,4,5
1884,4,5
1885,4,4
1886,4,7
1887,4,4
1888,4,7
1889,4,4
1890,4,4
1892,4,6
1893,4,4
1894,4,5
1895,4,5
1896,4,5
1897,4,4
1898,4,4
1899,4,4
1902,4,4
1904,4,6
1905,4,4
1906,4,4
1907,4,6
1908,4,6
1909,4,5
1911,4,4
1913,4,4
1914,4,4
1915,4,4
1916,4,4
1917,4,6
1918,4,5
1919,4,5
1920,4,4
1922,4,4
1924,4,5
1925,4,4
1927,4,5
1928,4,7
1929,4,4
1930,4,4
1931,4,4
1932,4,4
1933,4,4
1934,4,4
1935,4,4
1936,4,4
1938,4,5
1939,4,5
1940,4,5
1941,4,4
1942,4,4
1943,4,7
1944,4,4
1945,4,4
1946,4,4
1947,4,4
1948,4,4
1949,4,4
1950,4,4
1951,4,4
1952,4,4
1953,4,6
1954,4,4
1955,4,4
1956,4,5
1957,4,4
1958,4,4
1959,4,4
1960,4,5
1961,4,4
1962,4,4
1963,4,4
1964,4,4
1965,4,5
1966,4,4
1967,4,4
1968,4,4
1969,4,4
1970,4,4
1971,4,4
1972,4,5
1973,4,5
1974,4,5
1975,4,4
1976,4,5
1977,4,6
1978,4,4
1979,4,5
1980,4,4
1981,4,5
1982,4,4
1983,4,4
1984,4,5
1985,4,4
1987,4,5
1988,4,4
1989,4,4
1991,4,5
1992,4,4
1993,4,6
1994,4,4
1995,4,4
1996,4,6
1997,4,5
1998,4,5
1999,4,5
2002,4,4
2003,4,4
2004,4,4
2005,4,4
2006,4,4
2007,4,4
2008,4,6
2009,4,5
2010,4,5
2011,4,4
2012,4,5
2013,4,4
2014,4,5
2016,4,6
2017,4,4
2018,4,4
2020,4,5
2021,4,5
2022,4,4
2023,4,4
2024,4,5
2025,4,4
2026,4,4
2027,4,5
2028,4,5
2029,4,5
2030,4,4
2031,4,5
2032,4,5
2033,4,4
2034,4,4
2035,4,4
2036,4,4
2037,4,5
2038,4,4
2039,4,4
2042,4,4
2043,4,4
2046,4,4
2048,4,5
2049,4,5
2050,4,6
2051,4,5
2053,4,4
2055,4,5
2056,4,4
2058,4,4
2059,4,6
2060,4,5
2061,4,4
2062,4,4
2063,4,5
2064,4,4
2065,4,4
2066,4,4
2067,4,5
2068,4,5
2069,4,6
2070,4,4
2071,4,4
2072,4,4
2073,4,4
2074,4,4
2075,4,4
2076,4,6
2077,4,5
2078,4,4
2079,4,4
2080,4,5
2081,4,5
2082,4,4
2083,4,5
2084,4,4
2085,4,4
2086,4,4
2087,4,4
2088,4,4
2089,4,4
2090,4,4
2091,4,6
2092,4,4
2093,4,4
2094,4,4
2095,4,5
2096,4,5
2097,4,4
2098,4,4
2099,4,4
2100,4,5
2101,4,4
2102,4,4
2103,4,4
2104,4,5
2105,4,4
2106,4,5
2107,4,4
2109,4,4
2110,4,4
2111,4,4
2112,4,4
2113,4,6
2114,4,6
2115,4,7
2116,4,6
2117,4,5
2118,4,5
2119,4,4
2120,4,7
2121,4,4
2122,4,4
2123,4,4
2124,4,4
2125,4,7
2126,4,5
2127,4,5
2128,4,6
2129,4,5
2130,4,5
2131,4,4
2132,4,4
2133,4,5
2135,4,4
2136,4,5
2138,4,4
2139,4,6
2140,4,4
2141,4,4
2142,4,6
2143,4,4
2145,4,4
2148,4,5
2149,4,4
2150,4,6
2151,4,4
2152,4,5
2153,4,5
2154,4,5
2155,4,7
2156,4,4
2157,4,6
2158,4,5
2159,4,4
2160,4,4
2161,4,6
2165,4,5
2166,4,5
2167,4,4
2168,4,4
2169,4,4
2171,4,8
2172,4,4
2173,4,6
2174,4,4
2175,4,4
2176,4,5
2177,4,5
2178,4,4
2179,4,4
2180,4,5
2181,4,5
2182,4,4
2183,4,4
2184,4,5
2186,4,4
2187,4,4
2188,4,5
2189,4,5
2190,4,6
2191,4,4
2192,4,5
2193,4,4
2195,4,5
2196,4,4
2197,4,4
2198,4,4
2199,4,4
2200,4,4
2201,4,5
2202,4,4
2203,4,4
2204,4,4
2205,4,4
2207,4,4
2208,4,5
2209,4,5
2210,4,4
2211,4,4
2212,4,5
2213,4,4
2214,4,4
2215,4,4
2216,4,4
2217,4,4
2219,4,4
2220,4,4
2223,4,5
2227,4,4
2228,4,4
2229,4,4
2230,4,4
2231,4,4
2232,4,4
2233,4,4
2234,4,4
2235,4,4
2236,4,5
2237,4,4
2240,4,7
2241,4,4
2242,4,4
2243,4,4
2244,4,4
2245,4,4
2248,4,4
2249,4,5
2250,4,5
2251,4,5
2252,4,4
2253,4,4
2254,4,4
2255,4,5
2256,4,4
2257,4,6
2258,4,8
2259,4,5
2260,4,5
2261,4,4
2263,4,5
2264,4,5
2265,4,4
2266,4,4
2267,4,4
2268,4,5
2269,4,5
2270,4,6
2271,4,4
2272,4,4
2273,4,4
2275,4,4
2277,4,4
2278,4,5
2279,4,4
2280,4,5
2281,4,5
2282,4,4
2283,4,4
2284,4,4
2286,4,4
2287,4,4
2288,4,4
2289,4,5
2290,4,4
2291,4,4
2293,4,4
2294,4,5
2295,4,4
2297,4,4
2298,4,5
2299,4,4
2300,4,5
2302,4,5
2303,4,4
2305,4,4
2306,4,4
2309,4,5
2310,4,5
2311,4,4
2312,4,4
2313,4,5
2314,4,4
2315,4,4
2316,4,4
2317,4,4
2318,4,4
2320,4,6
2321,4,4
2322,4,6
2323,4,6
2324,4,5
2325,4,5
2326,4,4
2327,4,4
2329,4,4
2330,4,4
2331,4,5
2332,4,4
2334,4,4
2335,4,4
2338,4,4
2340,4,5
2341,4,4
2342,4,4
2343,4,4
2344,4,4
2345,4,4
2347,4,4
2348,4,5
2349,4,4
2350,4,6
2351,4,4
2352,4,4
2353,4,5
2354,4,6
2355,4,4
2357,4,4
2358,4,5
2359,4,4
2360,4,4
2361,4,4
2363,4,5
2364,4,5
2367,4,5
2369,4,4
2370,4,4
2371,4,4
2372,4,5
2373,4,4
2374,4,4
2375,4,4
2376,4,4
2377,4,4
2379,4,4
2381,4,5
2382,4,5
2383,4,4
2384,4,5
2385,4,5
2386,4,4
2387,4,5
2388,4,6
2389,4,4
2390,4,4
2391,4,4
2393,4,5
2395,4,5
2396,4,4
2397,4,5
2398,4,7
2399,4,4
2400,4,4
2401,4,4
2402,4,6
2403,4,4
2404,4,4
2405,4,4
2406,4,4
2407,4,5
2408,4,5
2409,4,4
2410,4,4
2411,4,4
2412,4,4
2413,4,4
2414,4,4
2415,4,4
2416,4,4
2417,4,4
2418,4,4
2420,4,4
2421,4,5
2422,4,5
2423,4,6
2424,4,5
2425,4,4
2426,4,4
2429,4,5
2430,4,4
2431,4,5
2432,4,4
2434,4,4
2435,4,4
2436,4,6
2437,4,4
2438,4,4
2439,4,4
2440,4,4
2442,4,5
2443,4,5
2444,4,4
2446,4,7
2448,4,4
2450,4,7
2451,4,4
2452,4,4
2453,4,7
2456,4,4
2457,4,6
2459,4,5
2462,4,7
2463,4,4
2464,4,4
2465,4,4
2466,4,5
2467,4,5
2468,4,5
2469,4,5
2471,4,4
2472,4,4
2473,4,5
2474,4,5
2475,4,4
2476,4,6
2477,4,6
2478,4,4
2483,4,4
2484,4,4
2485,4,5
2487,4,4
2488,4,4
2489,4,4
2490,4,5
2491,4,5
2492,4,4
2493,4,4
2494,4,4
2495,4,5
2496,4,4
2497,4,4
2498,4,4
2499,4,4
2500,4,4
2501,4,4
2502,4,4
2503,4,4
2504,4,4
2505,4,4
2506,4,4
2507,4,4
2508,4,4
2509,4,5
2512,4,4
2513,4,5
2515,4,4
2516,4,5
2517,4,5
2518,4,4
2519,4,6
2520,4,4
2521,4,4
2522,4,4
2523,4,4
2524,4,4
2525,4,4
2526,4,5
2527,4,4
2528,4,4
2529,4,5
2530,4,5
2531,4,4
2532,4,7
2533,4,4
2534,4,5
2535,4,5
2536,4,5
2537,4,6
2538,4,5
2539,4,5
2540,4,4
2541,4,5
2542,4,4
2543,4,5
2544,4,4
2545,4,4
2546,4,5
2547,4,4
2548,4,4
2550,4,4
2551,4,4
2552,4,4
2553,4,5
2554,4,4
2555,4,4
2556,4,4
2557,4,4
2558,4,4
2559,4,6
2561,4,5
2563,4,4
2564,4,4
2565,4,5
2566,4,6
2567,4,5
2568,4,4
2569,4,5
2570,4,5
2571,4,4
2573,4,4
2574,4,5
2575,4,5
2576,4,4
2577,4,4
2578,4,5
2579,4,4
2580,4,4
2581,4,4
2583,4,4
2584,4,4
2585,4,6
2586,4,4
2587,4,4
2588,4,4
2589,4,4
2590,4,4
2591,4,6
2592,4,4
2595,4,4
2596,4,4
2598,4,4
2599,4,5
2600,4,6
2601,4,4
2602,4,4
2603,4,5
2604,4,4
2605,4,4
2606,4,5
2607,4,5
2608,4,4
2609,4,4
2610,4,6
2611,4,4
2612,4,6
2614,4,4
2615,4,6
2616,4,4
2617,4,4
2618,4,5
2619,4,5
2620,4,5
2621,4,4
2622,4,4
2623,4,4
2624,4,4
2625,4,4
2627,4,5
2629,4,4
2630,4,4
2631,4,4
2632,4,6
2633,4,4
2634,4,4
2635,4,5
2636,4,4
2638,4,6
2639,4,4
2640,4,5
2641,4,4
2642,4,6
2643,4,4
2644,4,4
2645,4,5
2646,4,4
2647,4,4
2649,4,4
2650,4,5
2651,4,5
2652,4,5
2653,4,6
2655,4,4
2656,4,7
2657,4,4
2658,4,5
2659,4,4
2660,4,5
2661,4,4
2662,4,5
2663,4,4
2665,4,4
2667,4,5
2668,4,5
2669,4,5
2670,4,6
2671,4,5
2672,4,4
2673,4,4
2674,4,4
2675,4,6
2676,4,7
2677,4,7
2678,4,4
2680,4,4
2681,4,5
2682,4,4
2683,4,4
2684,4,5
2685,4,6
2686,4,6
2689,4,4
2690,4,5
2691,4,5
2693,4,5
2695,4,4
2696,4,4
2697,4,4
2700,4,4
2701,4,6
2702,4,4
2703,4,5
2704,4,4
2705,4,5
2706,4,7
2707,4,5
2708,4,6
2710,4,4
2711,4,4
2712,4,4
2713,4,5
2714,4,6
2715,4,4
2717,4,4
2718,4,5
2719,4,5
2721,4,4
2722,4,4
2724,4,4
2725,4,4
2726,4,4
2727,4,4
2728,4,4
2731,4,4
2732,4,4
2733,4,4
2735,4,4
2736,4,5
2737,4,5
2738,4,4
2739,4,4
2740,4,5
2742,4,4
2743,4,4
2744,4,4
2745,4,5
2746,4,5
2747,4,5
2748,4,7
2749,4,5
2750,4,4
2751,4,6
2752,4,4
2754,4,4
2755,4,4
2756,4,4
2757,4,5
2758,4,4
2759,4,4
2760,4,4
2761,4,4
2762,4,8
2763,4,4
2765,4,6
2766,4,6
2768,4,4
2769,4,4
2770,4,4
2771,4,6
2772,4,4
2773,4,4
2774,4,4
2775,4,4
2776,4,4
2777,4,4
2779,4,6
2780,4,4
2781,4,4
2782,4,4
2783,4,4
2784,4,4
2786,4,4
2787,4,4
2789,4,4
2790,4,5
2791,4,5
2792,4,4
2793,4,6
2795,4,5
2796,4,4
2797,4,4
2798,4,4
2799,4,6
2800,4,4
2801,4,4
2802,4,4
2804,4,6
2805,4,4
2808,4,4
2809,4,6
2810,4,6
2811,4,4
2812,4,5
2813,4,6
2814,4,5
2815,4,4
2816,4,4
2817,4,4
2818,4,5
2819,4,5
2820,4,4
2821,4,4
2822,4,4
2823,4,6
2824,4,4
2825,4,5
2826,4,5
2827,4,4
2828,4,4
2829,4,4
2830,4,5
2831,4,4
2832,4,5
2833,4,5
2834,4,5
2835,4,4
2836,4,4
2837,4,4
2838,4,4
2839,4,4
2840,4,5
2841,4,4
2842,4,4
2844,4,5
2846,4,5
2847,4,4
2849,4,4
2851,4,5
2852,4,4
2853,4,5
2855,4,5
2856,4,7
2857,4,4
2858,4,4
2859,4,5
2860,4,5
2862,4,5
2863,4,5
2864,4,4
2866,4,4
2867,4,4
2868,4,6
2869,4,4
2873,4,5
2875,4,4
2876,4,5
2877,4,4
2878,4,4
2879,4,4
2880,4,5
2881,4,4
2882,4,4
2884,4,4
2885,4,4
2886,4,5
2887,4,6
2889,4,4
2890,4,5
2891,4,4
2892,4,4
2893,4,4
2894,4,4
2895,4,6
2897,4,4
2898,4,4
2899,4,4
2900,4,4
2902,4,4
2904,4,4
2905,4,4
2906,4,4
2909,4,5
2910,4,4
2911,4,5
2912,4,4
2913,4,4
2914,4,4
2915,4,6
2917,4,4
2918,4,4
2919,4,6
2920,4,6
2921,4,4
2923,4,7
2924,4,5
2925,4,4
2926,4,5
2927,4,4
2928,4,4
2929,4,4
2930,4,5
2931,4,4
2932,4,5
2934,4,4
2935,4,5
2939,4,4
2940,4,4
2941,4,5
2942,4,4
2943,4,4
2944,4,5
2945,4,4
2947,4,4
2948,4,5
2949,4,4
2950,4,4
2951,4,4
2952,4,5
2954,4,4
2955,4,4
2956,4,4
2957,4,4
2959,4,4
2960,4,4
2961,4,4
2963,4,4
2966,4,5
2967,4,5
2968,4,4
2969,4,4
2971,4,4
2972,4,4
2974,4,4
2975,4,4
2976,4,5
2977,4,5
2978,4,4
2979,4,4
2980,4,4
2981,4,5
2982,4,4
2984,4,5
2985,4,4
2986,4,4
2987,4,4
2988,4,4
2989,4,5
2990,4,5
2991,4,4
2992,4,5
2993,4,4
2994,4,4
2996,4,4
2997,4,4
2998,4,6
2999,4,4
3000,4,4
3001,4,5
3002,4,5
3003,4,4
3004,4,4
3005,4,4
3006,4,5
3007,4,4
3008,4,4
3009,4,6
3010,4,4
3011,4,6
3012,4,4
3016,4,5
3017,4,4
3019,4,4
3021,4,4
3023,4,4
3026,4,4
3027,4,4
3029,4,4
3030,4,5
3031,4,4
3032,4,4
3033,4,5
3036,4,4
3037,4,5
3038,4,4
3039,4,4
3041,4,5
3042,4,4
3043,4,4
3044,4,4
3045,4,6
3046,4,5
3047,4,5
3048,4,5
3049,4,4
3050,4,5
3051,4,4
3052,4,6
3054,4,4
3055,4,5
3056,4,6
3057,4,4
3058,4,4
3059,4,5
3060,4,5
3061,4,4
3062,4,5
3063,4,4
3064,4,4
3065,4,6
3066,4,6
3067,4,5
3069,4,5
3070,4,4
3071,4,4
3072,4,4
3073,4,4
3074,4,4
3075,4,5
3077,4,4
3078,4,5
3079,4,4
3080,4,4
3081,4,4
3082,4,5
3083,4,5
3084,4,5
3085,4,4
3086,4,4
3088,4,5
3089,4,5
3090,4,5
3091,4,4
3092,4,4
3093,4,5
3094,4,5
3095,4,4
3096,4,4
3097,4,4
3098,4,5
3099,4,5
3100,4,4
3101,4,4
3102,4,5
3103,4,4
3104,4,5
3106,4,4
3107,4,4
3108,4,4
3109,4,4
3110,4,5
3111,4,4
3112,4,5
3113,4,6
3114,4,4
3115,4,5
3116,4,4
3118,4,6
3119,4,4
3120,4,4
3121,4,4
3122,4,4
3124,4,4
3125,4,4
3126,4,6
3127,4,4
3128,4,4
3129,4,4
3130,4,5
3131,4,5
3132,4,4
3133,4,4
3134,4,4
3135,4,4
3136,4,4
3137,4,4
3138,4,5
3139,4,4
3141,4,5
3146,4,5
3147,4,4
3148,4,4
3151,4,5
3153,4,4
3154,4,4
3155,4,4
3156,4,5
3157,4,5
3158,4,4
3159,4,5
3160,4,4
3161,4,5
3162,4,4
3163,4,4
3164,4,5
3165,4,4
3166,4,4
3167,4,5
3168,4,4
3169,4,4
3170,4,4
3171,4,5
3172,4,5
3174,4,4
3175,4,4
3176,4,4
3177,4,4
3178,4,5
3179,4,4
3181,4,4
3182,4,5
3183,4,5
3184,4,4
3185,4,4
3186,4,4
3187,4,4
3188,4,4
3189,4,5
3190,4,4
3191,4,4
3192,4,6
3193,4,6
3194,4,4
3195,4,5
3196,4,4
3197,4,5
3198,4,4
3199,4,4
3200,4,4
3201,4,6
3202,4,5
3203,4,4
3205,4,6
3206,4,4
3208,4,4
3209,4,4
3210,4,4
3211,4,4
3212,4,4
3213,4,4
3214,4,4
3215,4,4
3216,4,5
3217,4,4
3218,4,4
3219,4,4
3220,4,4
3221,4,4
3222,4,4
3223,4,4
3224,4,4
3225,4,5
3226,4,4
3227,4,4
3228,4,4
3229,4,6
3230,4,4
3231,4,5
3232,4,4
3233,4,5
3234,4,5
3235,4,6
3236,4,5
3237,4,5
3238,4,4
3240,4,6
3241,4,4
3243,4,4
3244,4,4
3245,4,4
3246,4,4
3247,4,4
3249,4,5
3250,4,4
3251,4,4
3252,4,6
3254,4,5
3255,4,4
3256,4,5
3257,4,6
3258,4,4
3260,4,4
3261,4,4
3262,4,4
3263,4,4
3264,4,4
3265,4,5
3266,4,4
3268,4,6
3269,4,6
3270,4,5
3271,4,4
3272,4,4
3273,4,4
3274,4,5
3275,4,4
3276,4,5
3277,4,4
3278,4,4
3279,4,7
3280,4,4
3282,4,6
3283,4,4
3284,4,4
3286,4,4
3287,4,4
3288,4,4
3289,4,5
3290,4,4
3291,4,5
3292,4,4
3293,4,4
3295,4,5
3296,4,4
3297,4,5
3298,4,5
3299,4,4
3301,4,4
3304,4,4
3305,4,5
3306,4,4
3307,4,4
3308,4,4
3309,4,6
3310,4,4
3311,4,4
3312,4,5
3313,4,4
3314,4,4
3315,4,4
3316,4,4
3317,4,4
3318,4,4
3319,4,4
3320,4,4
3321,4,4
3323,4,5
3324,4,4
3325,4,4
3326,4,5
3327,4,4
3328,4,5
3329,4,4
3330,4,4
3331,4,5
3332,4,5
3333,4,4
3334,4,5
3335,4,4
3336,4,4
3337,4,4
3338,4,4
3339,4,4
3340,4,4
3341,4,6
3342,4,4
3343,4,5
3344,4,4
3346,4,5
3347,4,6
3348,4,5
3349,4,5
3351,4,4
3352,4,4
3353,4,5
3354,4,4
3355,4,5
3356,4,4
3358,4,4
3359,4,4
3360,4,4
3361,4,5
3362,4,4
3363,4,5
3364,4,6
3365,4,4
3366,4,4
3367,4,4
3368,4,4
3369,4,4
3370,4,5
3373,4,4
3374,4,4
3376,4,4
3377,4,4
3378,4,5
3379,4,4
3381,4,4
3382,4,5
3383,4,4
3384,4,5
3385,4,4
3386,4,5
3387,4,5
3388,4,4
3389,4,4
3391,4,4
3392,4,4
3393,4,4
3394,4,4
3395,4,4
3396,4,4
3397,4,4
3398,4,4
3399,4,4
3400,4,5
3401,4,4
3402,4,4
3403,4,5
3404,4,5
3406,4,4
3407,4,4
3408,4,6
3411,4,4
3412,4,7
3413,4,4
3414,4,5
3415,4,4
3416,4,4
3417,4,4
3418,4,5
3419,4,4
3420,4,4
3421,4,5
3422,4,5
3423,4,4
3424,4,4
3425,4,5
3426,4,5
3427,4,6
3428,4,4
3429,4,4
3430,4,4
3431,4,4
3432,4,4
3433,4,7
3434,4,7
3435,4,4
3436,4,5
3437,4,5
3438,4,4
3439,4,4
3440,4,4
3441,4,4
3442,4,4
3443,4,4
3444,4,4
3445,4,5
3447,4,4
3448,4,4
3449,4,4
3450,4,4
3451,4,6
3452,4,5
3453,4,4
3454,4,7
3455,4,4
3456,4,6
3457,4,4
3458,4,7
3459,4,5
3460,4,6
3462,4,4
3465,4,4
3468,4,4
3469,4,4
3471,4,4
3473,4,4
3474,4,4
3475,4,4
3476,4,5
3477,4,4
3478,4,5
3479,4,4
3481,4,4
3482,4,4
3483,4,4
3484,4,5
3485,4,4
3486,4,7
3487,4,5
3488,4,4
3489,4,4
3490,4,5
3491,4,5
3492,4,4
3493,4,4
3494,4,5
3495,4,4
3496,4,5
3497,4,4
3498,4,4
3499,4,4
3500,4,4
3501,4,4
3502,4,6
3504,4,6
3505,4,4
3506,4,5
3507,4,4
3508,4,4
3509,4,4
3510,4,4
3511,4,5
3512,4,4
3513,4,4
3514,4,4
3515,4,4
3516,4,4
3517,4,4
3518,4,4
3520,4,4
3521,4,5
3522,4,4
3524,4,5
3525,4,4
3526,4,5
3527,4,4
3529,4,4
3530,4,4
3533,4,4
3535,4,4
3536,4,5
3537,4,6
3538,4,4
3541,4,4
3542,4,4
3543,4,4
3544,4,7
3545,4,4
3546,4,5
3547,4,5
3550,4,4
3551,4,4
3552,4,4
3554,4,5
3555,4,5
3556,4,4
3557,4,5
3558,4,6
3559,4,5
3560,4,5
3561,4,4
3562,4,4
3563,4,4
3564,4,6
3565,4,4
3566,4,6
3567,4,4
3568,4,4
3569,4,4
3570,4,4
3571,4,4
3573,4,5
3574,4,6
3575,4,4
3576,4,5
3577,4,4
3578,4,5
3579,4,5
3580,4,6
3581,4,4
3582,4,4
3583,4,4
3584,4,4
3585,4,7
3586,4,5
3587,4,5
3588,4,4
3589,4,5
3591,4,4
3592,4,4
3593,4,4
3594,4,4
3596,4,6
3599,4,6
3600,4,4
3602,4,4
3603,4,4
3604,4,5
3605,4,5
3606,4,5
3607,4,5
3608,4,4
3609,4,4
3610,4,4
3613,4,5
3614,4,6
3615,4,4
3616,4,5
3617,4,4
3618,4,5
3619,4,4
3620,4,4
3622,4,4
3623,4,4
3624,4,5
3625,4,5
3627,4,4
3628,4,4
3629,4,5
3630,4,4
3631,4,6
3632,4,4
3633,4,4
3634,4,4
3635,4,5
3636,4,4
3637,4,5
3638,4,4
3639,4,5
3640,4,4
3642,4,5
3643,4,4
3644,4,5
3645,4,4
3646,4,4
3647,4,4
3648,4,4
3649,4,4
3650,4,4
3651,4,4
3654,4,6
3655,4,5
3656,4,4
3657,4,4
3658,4,5
3660,4,5
3661,4,4
3662,4,4
3663,4,4
3664,4,4
3668,4,4
3670,4,4
3671,4,6
3672,4,4
3673,4,4
3674,4,5
3675,4,5
3677,4,4
3678,4,5
3679,4,4
3680,4,5
3681,4,4
3682,4,4
3683,4,4
3684,4,5
3685,4,4
3686,4,4
3688,4,5
3689,4,4
3690,4,5
3691,4,6
3692,4,4
3693,4,6
3694,4,4
3695,4,5
3696,4,4
3697,4,4
3698,4,5
3699,4,4
3700,4,5
3701,4,4
3702,4,4
3703,4,4
3704,4,4
3705,4,4
3706,4,4
3707,4,4
3708,4,4
3709,4,4
3710,4,4
3711,4,5
3714,4,6
3715,4,4
3716,4,6
3717,4,5
3718,4,5
3720,4,5
3721,4,5
3722,4,6
3724,4,4
3725,4,4
3726,4,4
3727,4,4
3730,4,5
3731,4,5
3732,4,4
3733,4,4
3734,4,4
3735,4,4
3736,4,4
3737,4,4
3738,4,5
3739,4,6
3740,4,4
3741,4,4
3742,4,4
3743,4,4
3744,4,6
3745,4,4
3746,4,4
3747,4,4
3748,4,6
3749,4,4
3750,4,4
3751,4,4
3752,4,4
3753,4,5
3754,4,7
3755,4,6
3756,4,4
3757,4,4
3758,4,4
3759,4,6
3760,4,4
3762,4,5
3763,4,5
3764,4,5
3765,4,5
3766,4,6
3767,4,4
3768,4,4
3769,4,4
3770,4,4
3771,4,5
3772,4,4
3773,4,4
3774,4,4
3776,4,7
3777,4,4
3778,4,4
3782,4,4
3783,4,4
3784,4,6
3785,4,5
3786,4,4
3787,4,5
3788,4,5
3789,4,5
3790,4,5
3792,4,4
3793,4,5
3794,4,6
3795,4,4
3796,4,4
3797,4,4
3798,4,4
3801,4,5
3802,4,4
3803,4,5
3805,4,5
3807,4,4
3809,4,4
3810,4,4
3811,4,7
3813,4,4
3814,4,4
3817,4,5
3818,4,4
3819,4,4
3820,4,5
3821,4,5
3823,4,4
3824,4,4
3825,4,4
3826,4,4
3827,4,5
3828,4,4
3830,4,4
3831,4,4
3832,4,5
3835,4,4
3836,4,4
3837,4,4
3838,4,4
3839,4,5
3840,4,4
3842,4,6
3844,4,4
3845,4,4
3846,4,4
3849,4,5
3850,4,4
3851,4,4
3852,4,5
3853,4,4
3854,4,4
3855,4,6
3856,4,5
3858,4,4
3859,4,4
3860,4,4
3861,4,6
3863,4,6
3864,4,5
3865,4,4
3866,4,4
3867,4,6
3868,4,4
3870,4,4
3871,4,5
3872,4,4
3874,4,4
3875,4,4
3876,4,4
3877,4,4
3878,4,5
3879,4,5
3880,4,4
3881,4,5
3882,4,5
3884,4,4
3885,4,4
3886,4,5
3888,4,4
3889,4,4
3890,4,5
3891,4,5
3892,4,6
3893,4,4
3894,4,5
3895,4,4
3896,4,6
3897,4,6
3898,4,6
3902,4,4
3903,4,4
3904,4,4
3905,4,5
3907,4,4
3908,4,5
3909,4,4
3910,4,4
3912,4,6
3913,4,5
3914,4,6
3915,4,5
3916,4,4
3918,4,5
3919,4,4
3920,4,4
3922,4,6
3923,4,5
3924,4,5
3925,4,4
3926,4,4
3927,4,4
3928,4,4
3929,4,4
3930,4,4
3931,4,4
3932,4,4
3933,4,4
3934,4,4
3935,4,5
3936,4,6
3937,4,4
3938,4,4
3941,4,4
3942,4,4
3943,4,5
3944,4,4
3945,4,6
3946,4,5
3947,4,5
3948,4,4
3950,4,5
3951,4,4
3953,4,4
3954,4,6
3956,4,5
3957,4,4
3958,4,4
3959,4,6
3960,4,4
3962,4,6
3963,4,4
3964,4,4
3965,4,5
3966,4,4
3967,4,4
3970,4,5
3971,4,5
3972,4,4
3973,4,4
3974,4,5
3975,4,4
3976,4,5
3977,4,4
3978,4,4
3979,4,4
3980,4,5
3981,4,5
3982,4,5
3983,4,4
3984,4,4
3987,4,4
3989,4,4
3990,4,4
3992,4,4
3993,4,4
3994,4,5
3995,4,4
3996,4,4
3997,4,4
3998,4,4
3999,4,5
4001,4,5
4002,4,5
4003,4,4
4004,4,4
4006,4,4
4007,4,4
4008,4,4
4009,4,4
4010,4,4
4011,4,4
4012,4,4
4014,4,7
4015,4,4
4016,4,4
4017,4,4
4018,4,4
4019,4,4
4020,4,5
4021,4,4
4023,4,5
4025,4,5
4027,4,5
4028,4,4
4029,4,4
4031,4,4
4032,4,6
4034,4,4
4039,4,5
4040,4,6
4042,4,4
4043,4,5
4044,4,4
4045,4,5
4046,4,4
4047,4,4
4048,4,6
4049,4,4
4050,4,5
4051,4,5
4052,4,4
4053,4,5
4054,4,5
4055,4,4
4056,4,5
4057,4,5
4058,4,5
4059,4,5
4060,4,5
4061,4,4
4062,4,4
4063,4,6
4064,4,4
4065,4,6
4067,4,4
4068,4,5
4069,4,4
4070,4,5
4072,4,5
4073,4,5
4074,4,4
4075,4,4
4076,4,4
4077,4,6
4078,4,4
4079,4,6
4080,4,4
4081,4,5
4082,4,4
4083,4,5
4084,4,4
4085,4,4
4086,4,4
4087,4,4
4088,4,6
4091,4,6
4092,4,6
4093,4,4
4094,4,4
4095,4,4
4096,4,6
4097,4,4
4098,4,5
4099,4,5
4101,4,4
4102,4,4
4103,4,4
4104,4,4
4105,4,5
4106,4,6
4109,4,4
4110,4,4
4113,4,5
4114,4,4
4115,4,4
4116,4,4
4117,4,5
4118,4,4
4119,4,6
4121,4,6
4122,4,4
4123,4,4
4124,4,4
4125,4,5
4127,4,4
4128,4,4
4129,4,4
4130,4,6
4131,4,5
4132,4,4
4133,4,5
4134,4,4
4135,4,4
4136,4,5
4138,4,4
4139,4,4
4140,4,6
4141,4,6
4142,4,4
4144,4,4
4145,4,4
4146,4,4
4147,4,4
4148,4,4
4149,4,4
4150,4,7
4151,4,4
4153,4,5
4156,4,4
4158,4,5
4159,4,4
4160,4,4
4161,4,6
4162,4,4
4163,4,4
4164,4,4
4165,4,5
4166,4,5
4170,4,4
4171,4,5
4172,4,4
4173,4,4
4174,4,4
4176,4,5
4178,4,6
4179,4,5
4180,4,4
4182,4,4
4183,4,4
4184,4,4
4185,4,6
4186,4,5
4187,4,6
4188,4,5
4190,4,5
4191,4,4
4192,4,4
4193,4,4
4195,4,5
4196,4,6
4197,4,4
4198,4,7
4199,4,4
4200,4,4
4201,4,4
4202,4,5
4203,4,4
4204,4,4
4205,4,5
4206,4,5
4207,4,4
4208,4,6
4209,4,5
4210,4,8
4212,4,4
4213,4,4
4215,4,4
4216,4,4
4217,4,4
4218,4,4
4221,4,4
4222,4,5
4223,4,4
4224,4,5
4226,4,5
4228,4,5
4229,4,5
4230,4,5
4231,4,4
4232,4,4
4233,4,4
4234,4,4
4235,4,6
4236,4,4
4237,4,4
4238,4,4
4239,4,4
4241,4,4
4242,4,4
4243,4,4
4244,4,4
4247,4,4
4248,4,4
4249,4,4
4250,4,5
4251,4,5
4252,4,5
4253,4,4
4254,4,4
4255,4,5
4256,4,4
4257,4,4
4258,4,4
4259,4,4
4260,4,4
4261,4,5
4262,4,4
4263,4,4
4264,4,4
4265,4,5
4266,4,4
4268,4,4
4269,4,5
4270,4,4
4271,4,4
4272,4,5
4273,4,6
4274,4,6
4275,4,4
4276,4,4
4277,4,4
4278,4,4
4279,4,4
4281,4,4
4282,4,4
4283,4,6
4285,4,4
4286,4,4
4287,4,4
4288,4,4
4290,4,4
4291,4,4
4292,4,4
4293,4,4
4294,4,5
4295,4,4
4296,4,4
4297,4,5
4298,4,5
4299,4,4
4300,4,4
4301,4,4
4302,4,4
4303,4,4
4304,4,4
4305,4,4
4306,4,4
4307,4,4
4308,4,5
4309,4,4
4310,4,4
4311,4,4
4312,4,4
4313,4,5
4314,4,4
4315,4,4
4316,4,4
4317,4,5
4318,4,4
4319,4,5
4320,4,4
4321,4,4
4322,4,4
4323,4,6
4325,4,4
4326,4,4
4327,4,5
4328,4,4
4330,4,4
4331,4,4
4332,4,4
4333,4,6
4334,4,4
4335,4,5
4336,4,4
4337,4,5
4339,4,4
4340,4,5
4341,4,4
4343,4,5
4344,4,4
4345,4,4
4346,4,5
4347,4,4
4348,4,5
4351,4,4
4352,4,5
4353,4,4
4354,4,4
4355,4,5
4356,4,4
4358,4,5
4359,4,4
4360,4,4
4361,4,4
4362,4,5
4363,4,6
4364,4,4
4365,4,4
4366,4,4
4367,4,4
4369,4,5
4370,4,4
4371,4,4
4372,4,4
4373,4,4
4378,4,6
4379,4,5
4381,4,4
4382,4,5
4384,4,4
4385,4,5
4386,4,5
4387,4,7
4388,4,6
4389,4,4
4390,4,4
4393,4,4
4394,4,5
4395,4,4
4396,4,5
4397,4,5
4398,4,4
4399,4,6
4400,4,4
4401,4,4
4402,4,5
4403,4,4
4404,4,5
4406,4,5
4407,4,6
4409,4,5
4410,4,4
4413,4,6
4414,4,5
4415,4,4
4416,4,4
4417,4,5
4418,4,5
4419,4,4
4420,4,6
4421,4,6
4422,4,4
4423,4,4
4424,4,6
4425,4,4
4426,4,4
4427,4,4
4428,4,5
4429,4,5
4430,4,4
4431,4,4
4432,4,4
4433,4,4
4434,4,4
4435,4,6
4436,4,4
4437,4,4
4438,4,4
4439,4,5
4440,4,4
4441,4,4
4442,4,5
4444,4,4
4445,4,4
4446,4,4
4447,4,4
4448,4,5
4449,4,7
4450,4,4
4451,4,4
4452,4,4
4453,4,4
4454,4,4
4456,4,5
4457,4,4
4458,4,5
4459,4,5
4460,4,5
4461,4,5
4462,4,4
4464,4,4
4465,4,5
4467,4,4
4468,4,4
4469,4,4
4470,4,4
4471,4,4
4472,4,4
4473,4,4
4474,4,4
4475,4,6
4476,4,4
4477,4,4
4478,4,4
4479,4,6
4481,4,4
4482,4,5
4484,4,4
4485,4,5
4486,4,5
4487,4,4
4488,4,5
4489,4,5
4490,4,5
4491,4,4
4492,4,5
4493,4,5
4496,4,4
4497,4,6
4498,4,4
4499,4,5
4500,4,4
4501,4,4
4502,4,5
4503,4,5
4505,4,4
4506,4,4
4507,4,5
4508,4,4
4509,4,4
4510,4,4
4511,4,4
4512,4,4
4513,4,4
4514,4,4
4515,4,7
4516,4,5
4517,4,4
4518,4,4
4519,4,4
4520,4,4
4521,4,5
4522,4,4
4523,4,5
4524,4,4
4525,4,6
4526,4,5
4528,4,4
4530,4,8
4531,4,5
4532,4,4
4533,4,4
4535,4,5
4537,4,5
4539,4,4
4540,4,4
4541,4,4
4542,4,4
4544,4,5
4545,4,4
4546,4,4
4547,4,4
4549,4,6
4550,4,6
4553,4,4
4554,4,4
4555,4,5
4556,4,4
4557,4,4
4558,4,5
4560,4,4
4563,4,5
4565,4,5
4567,4,4
4569,4,5
4571,4,4
4572,4,4
4573,4,4
4574,4,5
4575,4,4
4577,4,5
4578,4,5
4579,4,4
4580,4,4
4581,4,4
4582,4,4
4583,4,4
4584,4,4
4585,4,4
4586,4,5
4587,4,4
4588,4,4
4589,4,4
4590,4,5
4592,4,4
4594,4,4
4595,4,4
4596,4,4
4597,4,6
4598,4,4
4601,4,8
4602,4,5
4603,4,4
4604,4,5
4605,4,4
4606,4,4
4607,4,4
4608,4,4
4609,4,4
4610,4,4
4611,4,5
4612,4,5
4613,4,4
4616,4,4
4618,4,4
4619,4,4
4620,4,5
4621,4,5
4622,4,4
4623,4,4
4624,4,4
4625,4,5
4626,4,5
4627,4,5
4628,4,4
4629,4,4
4630,4,4
4631,4,4
4632,4,4
4633,4,6
4634,4,4
4635,4,4
4636,4,7
4637,4,5
4638,4,4
4639,4,4
4640,4,6
4641,4,4
4642,4,5
4643,4,4
4644,4,4
4646,4,5
4647,4,4
4648,4,5
4649,4,4
4650,4,4
4651,4,4
4652,4,5
4653,4,4
4654,4,4
4655,4,4
4657,4,4
4658,4,4
4659,4,5
4660,4,6
4661,4,4
4662,4,5
4664,4,4
4665,4,4
4666,4,4
4667,4,7
4668,4,4
4670,4,4
4671,4,4
4673,4,4
4674,4,4
4676,4,6
4677,4,6
4678,4,4
4679,4,4
4681,4,4
4682,4,4
4683,4,4
4685,4,4
4686,4,4
4687,4,4
4688,4,4
4689,4,4
4690,4,4
4691,4,5
4692,4,5
4693,4,5
4694,4,4
4695,4,4
4696,4,4
4697,4,5
4698,4,4
4700,4,6
4701,4,5
4702,4,5
4703,4,4
4704,4,4
4705,4,6
4706,4,4
4707,4,4
4708,4,4
4709,4,4
4710,4,4
4712,4,4
4714,4,5
4715,4,4
4716,4,5
4717,4,5
4718,4,5
4719,4,5
4721,4,4
4722,4,4
4723,4,4
4724,4,4
4726,4,4
4727,4,6
4728,4,4
4729,4,4
4730,4,6
4731,4,6
4732,4,5
4733,4,6
4734,4,4
4735,4,5
4736,4,4
4738,4,5
4740,4,4
4741,4,4
4742,4,4
4744,4,5
4746,4,4
4747,4,5
4750,4,5
4751,4,4
4752,4,4
4753,4,5
4754,4,4
4755,4,4
4758,4,5
4759,4,4
4760,4,4
4761,4,4
4763,4,6
4764,4,5
4765,4,4
4766,4,5
4767,4,4
4768,4,6
4771,4,5
4772,4,4
4773,4,4
4774,4,4
4775,4,4
4776,4,4
4779,4,4
4780,4,4
4783,4,4
4784,4,4
4785,4,4
4786,4,4
4787,4,4
4788,4,4
4789,4,7
4790,4,4
4791,4,5
4792,4,6
4794,4,5
4795,4,4
4796,4,4
4797,4,4
4798,4,5
4799,4,4
4801,4,5
4802,4,4
4803,4,5
4804,4,4
4805,4,4
4806,4,4
4807,4,5
4808,4,4
4809,4,5
4810,4,4
4811,4,4
4812,4,4
4814,4,4
4815,4,4
4817,4,6
4818,4,4
4820,4,4
4821,4,4
4822,4,4
4823,4,4
4824,4,4
4825,4,4
4826,4,5
4827,4,4
4828,4,4
4829,4,4
4830,4,4
4831,4,4
4832,4,4
4833,4,4
4834,4,4
4835,4,4
4836,4,4
4839,4,5
4840,4,5
4841,4,4
4842,4,4
4843,4,4
4844,4,4
4846,4,5
4847,4,5
4848,4,4
4849,4,4
4850,4,4
4851,4,5
4852,4,5
4853,4,4
4854,4,4
4858,4,4
4859,4,4
4860,4,4
4861,4,4
4862,4,4
4863,4,4
4864,4,4
4865,4,4
4866,4,5
4867,4,6
4868,4,5
4869,4,4
4870,4,4
4871,4,4
4872,4,5
4873,4,4
4874,4,4
4875,4,5
4877,4,4
4878,4,6
4879,4,5
4880,4,4
4881,4,4
4882,4,4
4883,4,5
4884,4,4
4885,4,5
4886,4,5
4887,4,5
4888,4,4
4889,4,4
4890,4,4
4891,4,4
4893,4,4
4894,4,4
4895,4,5
4896,4,8
4897,4,5
4898,4,5
4899,4,5
4900,4,4
4901,4,4
4902,4,4
4904,4,6
4905,4,4
4906,4,4
4907,4,4
4908,4,5
4909,4,4
4910,4,4
4911,4,4
4912,4,4
4913,4,4
4914,4,5
4915,4,4
4916,4,4
4917,4,4
4918,4,6
4919,4,5
4920,4,5
4921,4,4
4925,4,6
4926,4,4
4927,4,4
4929,4,5
4930,4,6
4933,4,5
4937,4,4
4938,4,4
4939,4,4
4940,4,4
4941,4,4
4942,4,6
4943,4,5
4947,4,5
4948,4,4
4949,4,5
4950,4,4
4951,4,4
4952,4,4
4953,4,5
4954,4,4
4955,4,5
4956,4,4
4957,4,4
4958,4,5
4959,4,5
4961,4,4
4963,4,5
4964,4,5
4965,4,5
4966,4,6
4967,4,4
4968,4,4
4969,4,4
4970,4,4
4972,4,4
4976,4,5
4977,4,5
4978,4,5
4979,4,5
4980,4,6
4981,4,5
4983,4,5
4984,4,5
4985,4,4
4986,4,4
4987,4,4
4988,4,4
4989,4,4
4990,4,4
4991,4,5
4992,4,4
4993,4,5
4994,4,4
4995,4,5
4996,4,6
4998,4,4
4999,4,5
5000,4,5
5001,4,5
5003,4,5
5004,4,4
5005,4,4
5006,4,4
5007,4,5
5009,4,4
5010,4,4
5011,4,4
5012,4,4
5013,4,6
5014,4,6
5015,4,5
5016,4,5
5017,4,4
5018,4,4
5019,4,4
5020,4,4
5021,4,4
5023,4,4
5024,4,4
5025,4,5
5028,4,4
5029,4,4
5030,4,4
5031,4,4
5032,4,4
5034,4,4
5035,4,5
5036,4,4
5037,4,4
5038,4,4
5039,4,5
5040,4,4
5042,4,4
5043,4,4
5044,4,5
5045,4,4
5046,4,4
5047,4,4
5048,4,7
5049,4,4
5050,4,4
5052,4,4
5053,4,4
5054,4,4
5055,4,5
5057,4,4
5058,4,4
5059,4,5
5060,4,4
5061,4,6
5062,4,5
5064,4,5
5065,4,4
5066,4,6
5067,4,4
5068,4,5
5069,4,5
5070,4,5
5071,4,4
5072,4,5
5073,4,4
5074,4,5
5075,4,4
5076,4,6
5078,4,5
5079,4,6
5081,4,5
5083,4,4
5084,4,4
5085,4,4
5089,4,5
5090,4,6
5091,4,6
5092,4,4
5093,4,5
5094,4,4
5095,4,4
5096,4,4
5097,4,5
5098,4,4
5099,4,4
5100,4,6
5101,4,5
5102,4,4
5103,4,4
5104,4,5
5106,4,4
5107,4,5
5108,4,4
5109,4,6
5110,4,5
5112,4,4
5113,4,5
5114,4,4
5115,4,5
5116,4,4
5117,4,4
5118,4,4
5119,4,4
5121,4,4
5122,4,6
5124,4,5
5125,4,4
5126,4,5
5127,4,4
5128,4,6
5129,4,4
5130,4,4
5132,4,5
5134,4,5
5136,4,4
5138,4,4
5139,4,5
5140,4,4
5141,4,5
5142,4,4
5143,4,4
5144,4,4
5145,4,4
5146,4,4
5147,4,4
5148,4,6
5149,4,4
5150,4,4
5151,4,4
5152,4,5
5153,4,6
5154,4,5
5155,4,4
5156,4,6
5157,4,4
5158,4,6
5159,4,4
5160,4,5
5161,4,4
5162,4,5
5163,4,4
5164,4,4
5165,4,4
5166,4,6
5167,4,5
5168,4,4
5169,4,4
5170,4,4
5171,4,5
5172,4,6
5173,4,4
5175,4,5
5176,4,4
5180,4,5
5181,4,4
5182,4,4
5183,4,4
5184,4,5
5185,4,6
5186,4,4
5188,4,5
5189,4,4
5190,4,4
5191,4,5
5193,4,4
5194,4,4
5195,4,4
5197,4,5
5198,4,5
5200,4,7
5201,4,4
5202,4,4
5204,4,4
5205,4,6
5207,4,4
5209,4,4
5210,4,4
5213,4,4
5214,4,4
5215,4,4
5216,4,4
5219,4,6
5220,4,5
5222,4,5
5223,4,5
5225,4,5
5226,4,4
5227,4,4
5229,4,4
5230,4,4
5231,4,4
5232,4,4
5233,4,6
5234,4,5
5235,4,6
5236,4,5
5237,4,6
5238,4,4
5239,4,4
5240,4,4
5241,4,4
5242,4,5
5243,4,4
5244,4,4
5245,4,6
5246,4,4
5247,4,6
5248,4,4
5250,4,6
5251,4,4
5252,4,4
5253,4,4
5254,4,4
5255,4,4
5256,4,5
5257,4,4
5258,4,4
5259,4,5
5261,4,6
5262,4,4
5263,4,5
5264,4,6
5265,4,5
5267,4,5
5268,4,5
5269,4,4
5270,4,6
5271,4,4
5272,4,4
5273,4,6
5275,4,4
5276,4,4
5277,4,5
5278,4,5
5279,4,6
5280,4,4
5281,4,4
5282,4,4
5283,4,6
5285,4,5
5286,4,4
5287,4,5
5288,4,4
5289,4,5
5290,4,4
5292,4,4
5293,4,6
5294,4,6
5295,4,4
5296,4,5
5297,4,6
5298,4,6
5299,4,4
5300,4,4
5301,4,4
5302,4,5
5303,4,5
5304,4,5
5305,4,5
5306,4,4
5307,4,4
5308,4,4
5309,4,4
5310,4,5
5311,4,4
5312,4,4
5313,4,4
5314,4,4
5315,4,4
5316,4,4
5317,4,4
5318,4,4
5319,4,4
5320,4,6
5321,4,4
5322,4,4
5323,4,4
5324,4,4
5326,4,4
5327,4,4
5328,4,4
5330,4,6
5331,4,4
5332,4,4
5334,4,4
5335,4,4
5336,4,5
5337,4,4
5338,4,4
5340,4,5
5341,4,4
5342,4,4
5343,4,4
5344,4,5
5345,4,5
5346,4,4
5347,4,4
5348,4,5
5349,4,4
5350,4,4
5351,4,5
5352,4,4
5353,4,4
5355,4,5
5356,4,4
5357,4,4
5358,4,7
5359,4,4
5360,4,4
5361,4,6
5362,4,6
5363,4,4
5364,4,4
5365,4,6
5366,4,4
5367,4,6
5368,4,4
5369,4,5
5371,4,4
5372,4,4
5373,4,5
5374,4,5
5375,4,6
5376,4,5
5377,4,4
5378,4,4
5379,4,4
5380,4,5
5381,4,4
5382,4,4
5383,4,4
5384,4,4
5385,4,4
5386,4,4
5388,4,4
5390,4,4
5391,4,5
5392,4,5
5393,4,4
5395,4,4
5396,4,4
5397,4,4
5398,4,5
5399,4,4
5401,4,5
5402,4,4
5403,4,6
5404,4,4
5405,4,4
5406,4,4
5407,4,4
5408,4,6
5409,4,5
5410,4,4
5411,4,4
5413,4,4
5414,4,5
5415,4,6
5416,4,4
5417,4,6
5418,4,4
5419,4,4
5420,4,5
5421,4,4
5422,4,6
5423,4,6
5424,4,4
5425,4,5
5426,4,5
5430,4,4
5431,4,4
5432,4,4
5433,4,5
5435,4,5
5436,4,7
5437,4,5
5438,4,4
5439,4,6
5440,4,5
5441,4,5
5442,4,4
5443,4,4
5444,4,5
5445,4,4
5446,4,4
5448,4,5
5449,4,4
5450,4,4
5453,4,4
5454,4,4
5455,4,4
5456,4,4
5457,4,4
5458,4,4
5459,4,5
5460,4,4
5461,4,4
5462,4,5
5464,4,5
5465,4,4
5468,4,5
5469,4,5
5471,4,4
5473,4,4
5474,4,5
5476,4,4
5477,4,4
5478,4,4
5479,4,4
5480,4,4
5481,4,4
5482,4,5
5484,4,5
5485,4,4
5486,4,5
5487,4,4
5488,4,4
5489,4,5
5490,4,4
5492,4,5
5494,4,4
5495,4,4
5496,4,4
5497,4,4
5498,4,4
5499,4,5
5500,4,4
5502,4,5
5503,4,4
5504,4,4
5505,4,4
5506,4,4
5507,4,7
5508,4,4
5509,4,4
5510,4,4
5511,4,4
5512,4,4
5514,4,6
5515,4,5
5516,4,4
5517,4,4
5519,4,4
5520,4,4
5521,4,4
5522,4,4
5523,4,4
5524,4,4
5525,4,4
5526,4,4
5527,4,5
5528,4,4
5529,4,4
5530,4,6
5531,4,4
5532,4,5
5533,4,6
5534,4,4
5535,4,4
5536,4,4
5537,4,6
5538,4,5
5539,4,7
5540,4,5
5541,4,4
5542,4,6
5543,4,5
5546,4,4
5547,4,4
5548,4,5
5549,4,4
5550,4,4
5551,4,4
5552,4,4
5553,4,4
5556,4,4
5558,4,4
5559,4,4
5560,4,5
5561,4,5
5562,4,5
5563,4,5
5564,4,4
5565,4,4
5566,4,4
5567,4,4
5568,4,6
5569,4,4
5570,4,5
5571,4,4
5572,4,4
5573,4,4
5574,4,4
5575,4,4
5576,4,4
5577,4,4
5578,4,5
5579,4,4
5580,4,4
5581,4,5
5582,4,5
5584,4,4
5585,4,5
5586,4,5
5587,4,4
5588,4,4
5589,4,5
5590,4,4
5591,4,4
5593,4,5
5594,4,5
5595,4,6
5596,4,4
5597,4,5
5598,4,4
5599,4,4
5600,4,7
5601,4,4
5602,4,4
5603,4,4
5605,4,5
5606,4,4
5607,4,5
5608,4,5
5609,4,4
5610,4,4
5611,4,4
5614,4,4
5615,4,5
5617,4,6
5618,4,4
5619,4,4
5622,4,6
5623,4,4
5624,4,5
5625,4,4
5626,4,4
5627,4,5
5628,4,5
5629,4,4
5630,4,5
5633,4,4
5634,4,4
5635,4,5
5636,4,7
5638,4,4
5639,4,5
5640,4,4
5641,4,4
5642,4,4
5643,4,4
5644,4,6
5645,4,5
5646,4,4
5648,4,4
5649,4,4
5650,4,4
5652,4,5
5653,4,4
5654,4,6
5655,4,6
5656,4,4
5657,4,4
5658,4,5
5659,4,6
5660,4,6
5661,4,4
5662,4,4
5663,4,4
5664,4,5
5666,4,4
5667,4,5
5668,4,4
5669,4,4
5670,4,4
5671,4,4
5672,4,4
5673,4,5
5674,4,5
5675,4,6
5677,4,5
5678,4,6
5679,4,7
5680,4,4
5681,4,4
5682,4,4
5683,4,4
5684,4,5
5685,4,5
5686,4,4
5687,4,6
5688,4,4
5689,4,5
5690,4,4
5691,4,4
5692,4,5
5694,4,4
5695,4,4
5696,4,4
5697,4,4
5698,4,4
5699,4,4
5700,4,4
5701,4,4
5702,4,4
5703,4,5
5704,4,5
5705,4,5
5706,4,4
5707,4,4
5708,4,4
5709,4,5
5710,4,4
5711,4,4
5712,4,4
5713,4,4
5714,4,4
5715,4,4
5716,4,5
5717,4,4
5718,4,4
5719,4,4
5720,4,4
5721,4,4
5722,4,5
5723,4,5
5724,4,4
5725,4,4
5726,4,4
5727,4,4
5728,4,6
5729,4,4
5730,4,6
5732,4,5
5733,4,4
5734,4,4
5736,4,4
5737,4,4
5739,4,4
5740,4,4
5741,4,6
5743,4,4
5744,4,4
5745,4,4
5746,4,4
5747,4,4
5748,4,5
5749,4,5
5750,4,4
5752,4,4
5753,4,4
5754,4,5
5755,4,4
5756,4,5
5757,4,4
5758,4,6
5759,4,4
5760,4,5
5761,4,5
5762,4,4
5763,4,4
5766,4,5
5767,4,4
5768,4,4
5769,4,6
5770,4,5
5771,4,6
5772,4,4
5773,4,6
5774,4,4
5775,4,5
5776,4,4
5777,4,4
5779,4,4
5780,4,4
5781,4,4
5782,4,5
5783,4,5
5785,4,4
5786,4,5
5787,4,8
5788,4,5
5789,4,6
5790,4,5
5791,4,7
5792,4,4
5793,4,4
5794,4,5
5795,4,4
5796,4,5
5797,4,4
5798,4,5
5799,4,5
5800,4,4
5801,4,4
5802,4,5
5803,4,4
5804,4,4
5805,4,4
5806,4,4
5807,4,4
5808,4,5
5809,4,4
5811,4,4
5812,4,6
5813,4,4
5814,4,5
5815,4,5
5817,4,4
5818,4,5
5821,4,5
5824,4,4
5825,4,5
5826,4,4
5827,4,4
5828,4,5
5829,4,7
5830,4,5
5831,4,4
5832,4,4
5833,4,4
5834,4,4
5836,4,4
5837,4,4
5838,4,5
5839,4,4
5840,4,4
5841,4,5
5843,4,4
5845,4,4
5846,4,4
5847,4,4
5848,4,6
5849,4,4
5850,4,5
5851,4,4
5852,4,5
5854,4,4
5856,4,5
5857,4,4
5858,4,6
5859,4,4
5860,4,4
5861,4,4
5862,4,4
5864,4,5
5865,4,4
5868,4,5
5870,4,4
5871,4,5
5872,4,5
5873,4,4
5874,4,4
5875,4,4
5876,4,5
5877,4,5
5878,4,4
5879,4,5
5880,4,5
5881,4,4
5882,4,5
5883,4,4
5884,4,5
5885,4,5
5886,4,5
5887,4,4
5888,4,5
5889,4,5
5890,4,4
5892,4,5
5893,4,4
5894,4,5
5895,4,4
5896,4,5
5898,4,5
5899,4,4
5901,4,6
5902,4,5
5903,4,4
5904,4,4
5905,4,5
5907,4,4
5908,4,4
5909,4,5
5910,4,5
5911,4,4
5912,4,5
5913,4,4
5914,4,4
5915,4,4
5916,4,5
5917,4,4
5919,4,4
5920,4,4
5921,4,4
5922,4,4
5923,4,4
5924,4,4
5925,4,4
5926,4,4
5927,4,4
5928,4,4
5929,4,4
5931,4,5
5932,4,5
5933,4,5
5934,4,5
5935,4,4
5936,4,5
5937,4,6
5940,4,5
5941,4,4
5942,4,4
5943,4,4
5944,4,7
5946,4,4
5947,4,7
5948,4,6
5949,4,7
5950,4,5
5951,4,4
5953,4,5
5954,4,4
5955,4,4
5956,4,4
5957,4,4
5958,4,4
5960,4,4
5961,4,6
5962,4,4
5963,4,5
5964,4,5
5965,4,4
5966,4,4
5967,4,4
5968,4,5
5970,4,5
5972,4,4
5973,4,5
5975,4,4
5976,4,4
5977,4,5
5978,4,5
5979,4,4
5980,4,5
5982,4,5
5983,4,6
5984,4,6
5985,4,5
5986,4,5
5987,4,6
5988,4,5
5989,4,4
5990,4,4
5991,4,4
5992,4,4
5993,4,6
5994,4,6
5995,4,6
5996,4,4
5997,4,6
5998,4,4
5999,4,7
6000,4,4
6001,4,5
6002,4,4
6003,4,4
6005,4,5
6006,4,4
6007,4,4
6008,4,4
6012,4,4
6013,4,5
6014,4,4
6015,4,5
6018,4,4
6019,4,5
6020,4,5
6021,4,4
6022,4,4
6023,4,5
6024,4,6
6025,4,4
6026,4,4
6027,4,4
6028,4,4
6029,4,5
6030,4,4
6031,4,4
6032,4,4
6035,4,5
6036,4,4
6038,4,4
6040,4,7
6041,4,5
6042,4,4
6043,4,4
6044,4,4
6045,4,4
6046,4,4
6047,4,4
6049,4,4
6050,4,5
6051,4,4
6052,4,4
6053,4,4
6054,4,5
6055,4,4
6056,4,4
6058,4,4
6059,4,5
6060,4,4
6061,4,4
6062,4,5
6063,4,4
6064,4,4
6065,4,4
6066,4,5
6067,4,5
6068,4,4
6069,4,4
6070,4,4
6071,4,4
6073,4,4
6076,4,6
6077,4,4
6078,4,4
6079,4,5
6080,4,4
6082,4,5
6083,4,4
6084,4,6
6085,4,4
6086,4,6
6087,4,5
6088,4,4
6089,4,4
6090,4,4
6091,4,5
6092,4,6
6093,4,4
6094,4,4
6095,4,5
6097,4,6
6098,4,6
6099,4,4
6100,4,4
6101,4,6
6102,4,4
6104,4,4
6105,4,5
6106,4,4
6107,4,4
6108,4,4
6109,4,4
6111,4,6
6112,4,4
6113,4,6
6115,4,4
6116,4,5
6117,4,6
6118,4,4
6119,4,6
6120,4,6
6121,4,4
6122,4,4
6123,4,6
6124,4,5
6125,4,4
6126,4,5
6127,4,4
6128,4,4
6129,4,4
6130,4,5
6131,4,5
6132,4,5
6133,4,4
6134,4,4
6135,4,6
6136,4,5
6137,4,4
6138,4,5
6139,4,5
6141,4,4
6143,4,5
6144,4,4
6145,4,5
6146,4,4
6148,4,6
6149,4,4
6150,4,4
6151,4,4
6152,4,4
6153,4,4
6154,4,4
6155,4,5
6156,4,4
6157,4,4
6158,4,4
6159,4,4
6161,4,4
6162,4,4
6163,4,4
6164,4,4
6165,4,4
6167,4,5
6168,4,4
6169,4,4
6170,4,4
6171,4,4
6172,4,4
6174,4,4
6176,4,4
6177,4,5
6178,4,5
6179,4,4
6180,4,6
6181,4,4
6182,4,4
6183,4,5
6186,4,6
6188,4,6
6189,4,6
6191,4,4
6193,4,5
6194,4,4
6196,4,4
6197,4,4
6198,4,5
6199,4,4
6200,4,6
6201,4,4
6202,4,5
6203,4,5
6204,4,4
6205,4,4
6206,4,5
6207,4,4
6208,4,4
6209,4,5
6210,4,5
6211,4,4
6212,4,4
6213,4,4
6214,4,4
6215,4,5
6216,4,4
6217,4,5
6218,4,4
6219,4,4
6220,4,4
6221,4,7
6222,4,5
6223,4,4
6224,4,4
6225,4,4
6226,4,4
6227,4,5
6228,4,6
6229,4,4
6231,4,6
6232,4,4
6234,4,5
6235,4,4
6236,4,5
6237,4,4
6238,4,4
6239,4,4
6240,4,4
6242,4,4
6243,4,4
6246,4,5
6249,4,4
6250,4,7
6252,4,5
6254,4,4
6255,4,4
6256,4,4
6257,4,4
6258,4,4
6259,4,4
6260,4,4
6261,4,4
6262,4,4
6263,4,5
6264,4,4
6265,4,4
6266,4,4
6267,4,5
6269,4,4
6270,4,5
6271,4,4
6272,4,4
6273,4,6
6274,4,6
6275,4,4
6276,4,4
6277,4,4
6278,4,5
6279,4,4
6280,4,4
6281,4,4
6282,4,4
6283,4,4
6284,4,4
6285,4,4
6286,4,4
6287,4,4
6288,4,4
6290,4,5
6291,4,4
6292,4,4
6293,4,4
6294,4,4
6295,4,4
6296,4,4
6297,4,4
6298,4,4
6299,4,4
6300,4,4
6301,4,6
6302,4,4
6303,4,5
6304,4,4
6305,4,5
6306,4,4
6307,4,4
6308,4,4
6309,4,4
6310,4,4
6311,4,4
6312,4,4
6314,4,4
6315,4,5
6316,4,4
6317,4,4
6319,4,5
6320,4,4
6321,4,5
6322,4,5
6323,4,6
6324,4,4
6325,4,5
6326,4,4
6327,4,4
6328,4,4
6329,4,6
6330,4,4
6331,4,4
6332,4,4
6333,4,5
6335,4,4
6336,4,4
6337,4,4
6338,4,5
6339,4,5
6340,4,4
6341,4,4
6342,4,4
6345,4,4
6346,4,6
6347,4,4
6348,4,5
6349,4,4
6350,4,4
6351,4,7
6352,4,6
6353,4,4
6354,4,4
6355,4,4
6356,4,4
6358,4,4
6359,4,4
6360,4,5
6361,4,4
6362,4,4
6363,4,5
6364,4,4
6365,4,4
6366,4,5
6367,4,5
6368,4,6
6370,4,5
6371,4,4
6372,4,4
6374,4,6
6375,4,4
6376,4,4
6377,4,6
6378,4,5
6379,4,4
6380,4,4
6382,4,4
6383,4,5
6384,4,5
6386,4,4
6387,4,5
6388,4,4
6390,4,6
6391,4,4
6395,4,5
6396,4,4
6397,4,4
6398,4,4
6399,4,4
6400,4,4
6401,4,5
6402,4,4
6403,4,6
6404,4,5
6405,4,4
6406,4,4
6407,4,4
6408,4,4
6409,4,5
6410,4,4
6411,4,5
6412,4,4
6413,4,6
6415,4,4
6416,4,4
6417,4,4
6418,4,4
6419,4,4
6420,4,4
6424,4,5
6425,4,4
6426,4,4
6428,4,4
6429,4,4
6430,4,4
6431,4,4
6432,4,4
6433,4,4
6434,4,4
6435,4,4
6436,4,4
6439,4,6
6440,4,5
6441,4,6
6442,4,4
6443,4,4
6444,4,4
6445,4,4
6446,4,4
6447,4,4
6448,4,4
6449,4,4
6450,4,7
6451,4,4
6452,4,4
6453,4,4
6454,4,4
6455,4,4
6456,4,5
6457,4,4
6458,4,4
6459,4,7
6460,4,4
6461,4,5
6463,4,5
6464,4,4
6465,4,5
6466,4,4
6467,4,5
6468,4,5
6469,4,4
6471,4,5
6472,4,6
6473,4,4
6474,4,4
6475,4,5
6476,4,7
6478,4,5
6479,4,5
6480,4,4
6481,4,4
6482,4,5
6483,4,6
6484,4,5
6485,4,4
6486,4,7
6487,4,4
6488,4,4
6489,4,4
6490,4,5
6491,4,5
6492,4,5
6493,4,6
6494,4,5
6495,4,5
6496,4,4
6497,4,5
6498,4,4
6500,4,4
6501,4,4
6502,4,5
6503,4,4
6504,4,4
6505,4,4
6506,4,4
6507,4,5
6508,4,4
6509,4,4
6510,4,4
6511,4,4
6512,4,4
6513,4,4
6514,4,4
6516,4,4
6517,4,4
6519,4,5
6520,4,4
6521,4,4
6522,4,5
6523,4,4
6524,4,4
6525,4,5
6528,4,4
6529,4,4
6531,4,4
6532,4,4
6533,4,4
6534,4,4
6535,4,4
6536,4,5
6537,4,5
6538,4,4
6539,4,5
6540,4,6
6541,4,4
6542,4,4
6543,4,4
6545,4,4
6546,4,5
6547,4,5
6548,4,4
6549,4,5
6552,4,4
6553,4,4
6554,4,4
6555,4,4
6556,4,4
6557,4,4
6558,4,4
6559,4,4
6560,4,4
6561,4,4
6563,4,4
6564,4,4
6565,4,5
6567,4,5
6568,4,4
6569,4,4
6570,4,4
6571,4,5
6572,4,5
6573,4,4
6574,4,5
6576,4,6
6577,4,4
6578,4,4
6581,4,6
6583,4,5
6584,4,5
6585,4,5
6588,4,4
6589,4,4
6590,4,6
6591,4,4
6592,4,6
6595,4,4
6596,4,7
6597,4,4
6598,4,4
6600,4,4
6601,4,4
6602,4,4
6603,4,4
6604,4,4
6606,4,4
6608,4,6
6609,4,5
6611,4,4
6612,4,4
6613,4,4
6614,4,4
6615,4,4
6616,4,5
6617,4,4
6618,4,5
6619,4,4
6620,4,4
6621,4,5
6622,4,4
6623,4,4
6624,4,7
6625,4,6
6626,4,5
6627,4,5
6628,4,4
6629,4,7
6630,4,5
6631,4,4
6632,4,4
6633,4,4
6634,4,4
6635,4,4
6637,4,6
6638,4,4
6640,4,4
6641,4,4
6642,4,4
6645,4,4
6646,4,4
6647,4,4
6648,4,5
6649,4,4
6650,4,4
6651,4,6
6653,4,5
6655,4,4
6656,4,4
6657,4,5
6658,4,5
6661,4,5
6662,4,4
6664,4,4
6665,4,4
6666,4,4
6667,4,5
6668,4,4
6669,4,4
6670,4,4
6671,4,5
6673,4,6
6675,4,4
6676,4,5
6677,4,4
6678,4,5
6680,4,4
6681,4,5
6682,4,4
6683,4,4
6685,4,4
6686,4,4
6687,4,5
6688,4,5
6689,4,4
6690,4,4
6692,4,4
6693,4,5
6694,4,4
6695,4,6
6698,4,4
6699,4,4
6700,4,4
6701,4,5
6702,4,4
6703,4,4
6704,4,4
6705,4,5
6706,4,4
6707,4,5
6708,4,4
6709,4,4
6710,4,6
6711,4,5
6712,4,5
6713,4,5
6714,4,5
6715,4,5
6716,4,5
6717,4,4
6718,4,4
6719,4,7
6720,4,4
6722,4,5
6723,4,5
6725,4,5
6726,4,4
6727,4,5
6728,4,4
6729,4,4
6731,4,4
6732,4,4
6733,4,4
6734,4,4
6735,4,5
6736,4,5
6737,4,5
6738,4,5
6739,4,4
6740,4,4
6741,4,5
6742,4,6
6744,4,5
6745,4,5
6746,4,5
6747,4,4
6748,4,4
6749,4,5
6750,4,4
6751,4,4
6752,4,4
6753,4,5
6754,4,5
6755,4,4
6756,4,5
6757,4,4
6758,4,5
6759,4,5
6760,4,4
6761,4,5
6762,4,4
6763,4,4
6764,4,4
6765,4,5
6766,4,4
6767,4,4
6768,4,5
6769,4,4
6770,4,4
6772,4,5
6773,4,5
6774,4,6
6776,4,5
6777,4,5
6778,4,5
6779,4,5
6781,4,4
6782,4,4
6783,4,4
6785,4,4
6787,4,4
6789,4,4
6790,4,5
6791,4,4
6792,4,4
6793,4,4
6794,4,6
6795,4,4
6796,4,5
6797,4,4
6798,4,5
6799,4,4
6800,4,4
6801,4,4
6802,4,4
6803,4,6
6804,4,4
6805,4,4
6806,4,4
6807,4,4
6808,4,6
6809,4,5
6810,4,7
6811,4,5
6812,4,5
6813,4,4
6814,4,5
6815,4,4
6816,4,4
6817,4,4
6818,4,4
6819,4,4
6820,4,4
6821,4,4
6822,4,6
6823,4,5
6824,4,4
6825,4,4
6826,4,5
6827,4,5
6828,4,4
6829,4,4
6830,4,4
6831,4,4
6832,4,4
6834,4,4
6835,4,5
6837,4,6
6838,4,4
6839,4,6
6840,4,4
6841,4,4
6842,4,4
6843,4,4
6844,4,4
6847,4,4
6848,4,7
6849,4,4
6850,4,4
6851,4,4
6852,4,4
6853,4,5
6855,4,4
6856,4,4
6857,4,4
6859,4,5
6861,4,4
6863,4,5
6865,4,4
6867,4,4
6868,4,5
6869,4,5
6870,4,4
6871,4,4
6872,4,4
6875,4,4
6878,4,5
6879,4,7
6880,4,4
6881,4,6
6882,4,5
6883,4,4
6884,4,4
6885,4,5
6886,4,5
6887,4,5
6888,4,5
6889,4,5
6890,4,5
6891,4,4
6892,4,4
6893,4,5
6894,4,5
6895,4,4
6896,4,5
6897,4,4
6899,4,5
6900,4,4
6901,4,6
6902,4,4
6903,4,6
6904,4,4
6905,4,4
6906,4,5
6907,4,4
6908,4,5
6909,4,4
6910,4,5
6911,4,4
6912,4,4
6913,4,4
6914,4,4
6915,4,5
6916,4,5
6917,4,5
6918,4,4
6919,4,4
6920,4,4
6921,4,4
6922,4,5
6923,4,5
6924,4,4
6925,4,4
6927,4,5
6929,4,5
6930,4,4
6931,4,4
6932,4,5
6933,4,4
6934,4,5
6936,4,6
6938,4,7
6940,4,4
6941,4,4
6942,4,4
6943,4,4
6944,4,5
6945,4,7
6946,4,4
6948,4,5
6949,4,6
6951,4,4
6952,4,6
6953,4,4
6955,4,4
6956,4,5
6957,4,4
6958,4,4
6959,4,6
6960,4,4
6961,4,6
6962,4,4
6963,4,5
6964,4,6
6966,4,4
6967,4,4
6968,4,4
6969,4,4
6970,4,4
6971,4,5
6973,4,4
6976,4,5
6977,4,5
6978,4,5
6979,4,6
6980,4,5
6981,4,4
6982,4,5
6983,4,4
6984,4,4
6985,4,6
6987,4,5
6988,4,6
6989,4,5
6991,4,4
6992,4,6
6994,4,6
6995,4,5
6996,4,4
6997,4,5
6998,4,4
6999,4,4
7001,4,5
7002,4,4
7003,4,5
7004,4,5
7005,4,6
7006,4,4
7008,4,5
7009,4,4
7010,4,6
7011,4,4
7012,4,5
7013,4,4
7014,4,4
7017,4,5
7018,4,4
7020,4,5
7024,4,5
7025,4,4
7026,4,4
7028,4,4
7029,4,5
7030,4,4
7031,4,4
7032,4,4
7033,4,4
7036,4,4
7038,4,4
7039,4,4
7040,4,4
7041,4,5
7042,4,4
7043,4,4
7044,4,4
7045,4,4
7046,4,5
7047,4,5
7048,4,4
7049,4,6
7050,4,4
7051,4,4
7052,4,4
7053,4,5
7054,4,4
7055,4,6
7056,4,4
7057,4,5
7058,4,4
7059,4,4
7060,4,5
7061,4,5
7062,4,4
7063,4,4
7064,4,4
7065,4,5
7066,4,5
7067,4,4
7068,4,4
7069,4,6
7070,4,5
7071,4,4
7072,4,4
7073,4,4
7075,4,5
7079,4,4
7080,4,4
7081,4,5
7082,4,4
7083,4,4
7084,4,5
7085,4,4
7086,4,5
7087,4,5
7088,4,4
7089,4,6
7090,4,4
7091,4,6
7092,4,4
7094,4,5
7096,4,5
7098,4,6
7100,4,5
7101,4,4
7102,4,4
7103,4,6
7104,4,4
7105,4,5
7106,4,5
7107,4,4
7108,4,4
7109,4,7
7111,4,4
7112,4,4
7114,4,7
7115,4,5
7116,4,5
7117,4,6
7118,4,4
7119,4,5
7120,4,5
7121,4,4
7123,4,5
7124,4,4
7125,4,4
7126,4,5
7127,4,4
7128,4,6
7132,4,5
7133,4,6
7134,4,4
7136,4,4
7137,4,4
7138,4,6
7139,4,5
7141,4,5
7142,4,5
7143,4,4
7144,4,4
7145,4,4
7146,4,6
7147,4,4
7148,4,4
7150,4,4
7151,4,4
7152,4,6
7154,4,4
7155,4,5
7156,4,4
7157,4,4
7158,4,6
7160,4,4
7161,4,6
7162,4,4
7163,4,4
7164,4,4
7165,4,6
7166,4,4
7167,4,5
7168,4,4
7169,4,5
7170,4,4
7171,4,5
7172,4,6
7173,4,5
7174,4,4
7175,4,4
7177,4,4
7178,4,5
7179,4,4
7180,4,4
7181,4,4
7182,4,4
7183,4,5
7184,4,5
7186,4,4
7187,4,4
7188,4,6
7189,4,4
7192,4,4
7193,4,4
7195,4,4
7196,4,6
7198,4,5
7199,4,4
7200,4,4
7201,4,5
7202,4,5
7203,4,4
7204,4,5
7205,4,4
7206,4,4
7207,4,4
7208,4,6
7209,4,4
7210,4,5
7211,4,5
7212,4,4
7214,4,8
7215,4,5
7216,4,4
7218,4,4
7219,4,4
7221,4,4
7222,4,4
7223,4,4
7224,4,4
7225,4,4
7226,4,4
7227,4,4
7228,4,6
7230,4,4
7232,4,4
7234,4,7
7235,4,4
7236,4,5
7237,4,5
7238,4,4
7239,4,4
7240,4,4
7241,4,4
7242,4,4
7243,4,4
7246,4,4
7247,4,4
7248,4,4
7249,4,4
7250,4,4
7251,4,6
7252,4,4
7253,4,4
7256,4,6
7257,4,4
7258,4,5
7259,4,5
7260,4,5
7261,4,4
7262,4,4
7263,4,4
7264,4,5
7265,4,5
7266,4,5
7267,4,5
7268,4,4
7269,4,4
7270,4,4
7271,4,4
7272,4,4
7273,4,5
7274,4,4
7275,4,4
7276,4,5
7277,4,4
7278,4,4
7280,4,4
7281,4,4
7282,4,5
7283,4,5
7284,4,5
7285,4,4
7286,4,4
7287,4,4
7288,4,4
7290,4,4
7291,4,4
7292,4,7
7293,4,5
7294,4,7
7295,4,4
7296,4,5
7297,4,4
7298,4,5
7299,4,4
7300,4,5
7301,4,5
7302,4,4
7303,4,4
7306,4,5
7307,4,4
7308,4,5
7309,4,5
7310,4,6
7311,4,6
7312,4,4
7313,4,5
7314,4,4
7315,4,4
7316,4,6
7320,4,4
7321,4,4
7324,4,5
7325,4,4
7326,4,4
7327,4,4
7328,4,5
7329,4,4
7330,4,4
7331,4,6
7333,4,6
7334,4,4
7335,4,4
7337,4,5
7339,4,4
7341,4,5
7343,4,4
7344,4,4
7346,4,6
7347,4,5
7348,4,4
7349,4,6
7350,4,4
7351,4,6
7352,4,6
7353,4,5
7354,4,5
7355,4,4
7356,4,5
7357,4,4
7358,4,5
7359,4,4
7360,4,5
7361,4,4
7364,4,5
7365,4,4
7366,4,4
7367,4,5
7368,4,5
7370,4,8
7371,4,4
7372,4,4
7373,4,4
7374,4,4
7375,4,4
7376,4,5
7377,4,4
7378,4,4
7379,4,4
7381,4,6
7382,4,4
7384,4,5
7385,4,4
7386,4,4
7387,4,4
7388,4,6
7389,4,6
7390,4,5
7391,4,6
7392,4,5
7393,4,5
7394,4,4
7395,4,5
7396,4,4
7397,4,6
7398,4,6
7400,4,4
7402,4,4
7403,4,4
7404,4,4
7405,4,4
7406,4,4
7408,4,4
7411,4,4
7412,4,4
7414,4,5
7415,4,5
7417,4,4
7418,4,6
7419,4,4
7421,4,4
7422,4,4
7423,4,5
7424,4,4
7425,4,4
7429,4,5
7430,4,4
7431,4,5
7432,4,5
7433,4,5
7434,4,5
7436,4,5
7437,4,5
7438,4,4
7439,4,7
7440,4,4
7441,4,4
7442,4,4
7443,4,5
7444,4,4
7445,4,4
7446,4,4
7447,4,4
7448,4,5
7449,4,6
7450,4,4
7451,4,6
7452,4,7
7453,4,4
7454,4,4
7456,4,4
7457,4,4
7458,4,6
7459,4,4
7460,4,5
7461,4,4
7463,4,5
7464,4,4
7465,4,7
7466,4,4
7467,4,4
7468,4,5
7469,4,4
7470,4,4
7471,4,5
7472,4,6
7473,4,5
7474,4,4
7475,4,4
7476,4,4
7478,4,4
7480,4,4
7481,4,4
7482,4,4
7483,4,5
7484,4,6
7486,4,4
7487,4,4
7489,4,4
7490,4,6
7491,4,4
7492,4,4
7493,4,4
7494,4,4
7495,4,5
7496,4,6
7497,4,4
7498,4,5
7499,4,5
7500,4,5
7501,4,5
7502,4,4
7504,4,4
7505,4,5
7506,4,5
7507,4,5
7508,4,5
7509,4,5
7510,4,4
7511,4,4
7512,4,4
7514,4,5
7515,4,4
7517,4,4
7518,4,4
7519,4,5
7520,4,4
7521,4,4
7522,4,4
7523,4,4
7525,4,6
7526,4,4
7527,4,4
7528,4,7
7529,4,6
7530,4,5
7531,4,4
7532,4,4
7533,4,4
7534,4,4
7536,4,4
7538,4,5
7539,4,7
7540,4,5
7541,4,4
7542,4,4
7543,4,5
7544,4,5
7545,4,5
7546,4,4
7547,4,4
7548,4,4
7549,4,4
7550,4,4
7551,4,6
7552,4,4
7553,4,4
7554,4,5
7555,4,4
7556,4,6
7558,4,4
7559,4,4
7560,4,5
7561,4,4
7562,4,4
7563,4,4
7564,4,5
7565,4,4
7566,4,4
7567,4,5
7568,4,4
7569,4,4
7570,4,4
7572,4,5
7573,4,4
7574,4,4
7575,4,4
7576,4,4
7577,4,4
7578,4,4
7579,4,4
7580,4,5
7581,4,7
7582,4,4
7583,4,6
7584,4,4
7585,4,4
7586,4,5
7587,4,4
7588,4,4
7591,4,5
7592,4,4
7593,4,5
7594,4,4
7595,4,4
7596,4,4
7597,4,5
7598,4,5
7599,4,4
7600,4,5
7601,4,5
7602,4,4
7603,4,4
7604,4,4
7605,4,4
7606,4,5
7607,4,5
7608,4,4
7609,4,5
7611,4,4
7612,4,4
7613,4,4
7614,4,5
7615,4,4
7616,4,4
7617,4,4
7618,4,4
7619,4,4
7620,4,4
7621,4,4
7622,4,4
7623,4,4
7624,4,4
7625,4,4
7626,4,5
7627,4,4
7628,4,4
7629,4,5
7632,4,4
7636,4,4
7637,4,4
7639,4,5
7641,4,4
7642,4,6
7643,4,5
7644,4,4
7645,4,4
7648,4,4
7650,4,4
7651,4,4
7652,4,5
7655,4,6
7656,4,5
7657,4,4
7658,4,6
7659,4,4
7660,4,4
7661,4,4
7662,4,6
7663,4,6
7664,4,4
7665,4,4
7666,4,5
7667,4,4
7668,4,5
7669,4,7
7670,4,5
7671,4,4
7672,4,4
7673,4,4
7675,4,6
7676,4,4
7681,4,5
7682,4,5
7683,4,4
7685,4,4
7686,4,4
7687,4,4
7688,4,4
7689,4,6
7691,4,6
7692,4,5
7693,4,4
7694,4,6
7696,4,4
7697,4,6
7698,4,4
7699,4,4
7701,4,4
7702,4,4
7703,4,4
7704,4,4
7706,4,4
7707,4,4
7708,4,4
7709,4,4
7710,4,4
7711,4,5
7712,4,5
7713,4,4
7714,4,4
7715,4,4
7716,4,4
7717,4,6
7718,4,4
7719,4,4
7720,4,4
7721,4,4
7722,4,6
7723,4,4
7724,4,5
7725,4,5
7726,4,4
7727,4,4
7730,4,5
7731,4,4
7732,4,5
7733,4,5
7734,4,5
7735,4,6
7736,4,4
7737,4,4
7738,4,4
7739,4,4
7740,4,5
7741,4,4
7742,4,4
7743,4,5
7744,4,5
7745,4,4
7746,4,5
7747,4,6
7748,4,4
7750,4,4
7751,4,4
7752,4,4
7753,4,4
7754,4,5
7755,4,5
7756,4,4
7757,4,4
7758,4,5
7759,4,4
7760,4,5
7761,4,4
7763,4,6
7764,4,4
7765,4,5
7766,4,5
7767,4,6
7768,4,4
7769,4,5
7770,4,4
7771,4,6
7772,4,4
7773,4,4
7774,4,7
7776,4,4
7779,4,4
7780,4,4
7782,4,4
7786,4,5
7787,4,4
7788,4,4
7789,4,4
7790,4,5
7791,4,4
7792,4,5
7793,4,4
7795,4,5
7796,4,5
7798,4,5
7799,4,6
7800,4,4
7801,4,5
7802,4,4
7803,4,4
7804,4,5
7805,4,4
7806,4,4
7808,4,5
7809,4,5
7810,4,5
7811,4,4
7812,4,4
7813,4,5
7814,4,4
7815,4,4
7816,4,4
7817,4,4
7818,4,6
7819,4,4
7820,4,5
7821,4,4
7822,4,4
7825,4,5
7826,4,4
7827,4,4
7828,4,4
7829,4,4
7830,4,5
7831,4,4
7832,4,4
7835,4,6
7836,4,4
7837,4,4
7838,4,4
7839,4,4
7840,4,4
7841,4,5
7842,4,4
7843,4,5
7844,4,5
7845,4,4
7846,4,4
7847,4,4
7848,4,5
7849,4,4
7850,4,6
7851,4,6
7852,4,4
7853,4,5
7854,4,6
7855,4,4
7857,4,4
7859,4,4
7860,4,4
7861,4,5
7863,4,6
7864,4,4
7865,4,4
7866,4,4
7867,4,4
7869,4,7
7870,4,4
7871,4,5
7872,4,5
7873,4,4
7874,4,4
7875,4,5
7877,4,4
7879,4,5
7880,4,5
7882,4,7
7883,4,5
7885,4,6
7886,4,5
7887,4,5
7888,4,6
7889,4,5
7891,4,6
7892,4,6
7893,4,7
7895,4,4
7896,4,4
7897,4,4
7898,4,4
7899,4,4
7901,4,6
7902,4,4
7903,4,6
7904,4,4
7905,4,4
7906,4,4
7907,4,6
7908,4,4
7909,4,4
7910,4,4
7911,4,4
7912,4,4
7913,4,4
7915,4,5
7916,4,4
7917,4,5
7918,4,4
7919,4,5
7920,4,4
7921,4,4
7922,4,4
7923,4,4
7924,4,4
7925,4,6
7926,4,5
7927,4,5
7928,4,5
7929,4,4
7932,4,5
7933,4,4
7934,4,4
7937,4,4
7938,4,4
7939,4,4
7940,4,4
7941,4,4
7942,4,4
7943,4,4
7944,4,4
7945,4,4
7946,4,4
7947,4,4
7948,4,4
7949,4,5
7950,4,4
7951,4,7
7952,4,5
7953,4,4
7954,4,6
7955,4,4
7956,4,4
7958,4,4
7959,4,4
7960,4,4
7961,4,4
7962,4,4
7963,4,4
7964,4,6
7965,4,4
7966,4,5
7967,4,4
7969,4,5
7970,4,6
7971,4,5
7972,4,4
7973,4,5
7974,4,4
7975,4,4
7976,4,4
7977,4,4
7978,4,6
7979,4,5
7980,4,7
7981,4,4
7982,4,4
7983,4,5
7984,4,5
7985,4,6
7986,4,4
7987,4,4
7988,4,4
7989,4,5
7990,4,5
7991,4,5
7992,4,5
7993,4,5
7994,4,4
7995,4,5
7996,4,4
7997,4,5
7998,4,4
8000,4,6
8003,4,4
8004,4,4
8005,4,4
8006,4,5
8007,4,4
8008,4,4
8009,4,6
8010,4,4
8012,4,4
8013,4,4
8014,4,4
8015,4,6
8016,4,4
8017,4,4
8019,4,4
8020,4,6
8021,4,5
8022,4,4
8023,4,4
8024,4,5
8025,4,4
8026,4,6
8027,4,4
8028,4,4
8030,4,4
8031,4,4
8032,4,5
8033,4,6
8034,4,4
8035,4,5
8036,4,6
8037,4,4
8038,4,4
8039,4,4
8040,4,4
8042,4,4
8043,4,7
8044,4,4
8045,4,4
8047,4,5
8050,4,4
8051,4,5
8052,4,4
8054,4,4
8055,4,4
8056,4,5
8057,4,5
8058,4,5
8059,4,4
8060,4,4
8061,4,4
8062,4,4
8063,4,6
8064,4,4
8066,4,4
8067,4,4
8068,4,4
8069,4,4
8071,4,5
8072,4,5
8073,4,5
8074,4,4
8075,4,5
8076,4,7
8077,4,4
8078,4,4
8079,4,4
8080,4,5
8081,4,4
8082,4,4
8083,4,5
8084,4,4
8085,4,5
8086,4,4
8087,4,4
8088,4,4
8089,4,5
8090,4,4
8091,4,4
8092,4,5
8093,4,5
8094,4,6
8095,4,5
8096,4,4
8097,4,4
8099,4,4
8100,4,5
8101,4,5
8102,4,5
8103,4,5
8104,4,4
8105,4,4
8106,4,4
8107,4,4
8108,4,4
8109,4,4
8110,4,4
8111,4,5
8112,4,4
8113,4,4
8114,4,4
8115,4,6
8116,4,4
8117,4,4
8118,4,4
8119,4,6
8121,4,4
8122,4,5
8123,4,4
8125,4,5
8126,4,4
8127,4,4
8128,4,5
8129,4,5
8130,4,6
8131,4,4
8132,4,4
8133,4,5
8134,4,4
8135,4,4
8136,4,4
8137,4,4
8138,4,4
8139,4,5
8141,4,4
8144,4,4
8145,4,5
8146,4,4
8147,4,5
8148,4,4
8150,4,5
8151,4,6
8152,4,4
8153,4,5
8154,4,5
8155,4,4
8156,4,4
8157,4,6
8158,4,5
8159,4,6
8160,4,5
8161,4,4
8162,4,4
8163,4,5
8164,4,4
8166,4,4
8167,4,5
8168,4,5
8169,4,5
8170,4,4
8171,4,4
8172,4,5
8173,4,6
8174,4,4
8175,4,5
8176,4,4
8177,4,4
8178,4,4
8179,4,4
8180,4,4
8181,4,4
8183,4,4
8184,4,4
8185,4,5
8186,4,4
8187,4,4
8188,4,5
8189,4,5
8190,4,6
8191,4,4
8192,4,6
8193,4,5
8194,4,5
8195,4,5
8197,4,4
8200,4,6
8201,4,4
8202,4,4
8203,4,5
8205,4,4
8206,4,4
8207,4,6
8208,4,4
8209,4,5
8210,4,4
8211,4,5
8212,4,5
8215,4,4
8216,4,5
8217,4,7
8220,4,5
8221,4,4
8222,4,4
8224,4,5
8225,4,4
8226,4,4
8227,4,6
8228,4,4
8229,4,4
8230,4,7
8231,4,4
8232,4,5
8234,4,4
8235,4,4
8236,4,4
8238,4,4
8240,4,4
8241,4,5
8245,4,4
8246,4,4
8247,4,4
8248,4,5
8249,4,4
8251,4,4
8252,4,4
8253,4,4
8254,4,4
8255,4,4
8256,4,4
8257,4,5
8258,4,4
8259,4,4
8260,4,5
8261,4,6
8262,4,6
8265,4,4
8269,4,8
8270,4,4
8271,4,4
8272,4,4
8273,4,5
8274,4,4
8276,4,4
8277,4,4
8280,4,4
8281,4,4
8282,4,5
8283,4,4
8284,4,4
8285,4,4
8286,4,5
8287,4,4
8288,4,6
8290,4,4
8291,4,4
8292,4,4
8293,4,5
8294,4,4
8295,4,4
8296,4,5
8297,4,4
8298,4,5
8299,4,6
8300,4,8
8301,4,4
8302,4,4
8303,4,4
8304,4,4
8305,4,4
8306,4,5
8307,4,4
8309,4,4
8312,4,4
8313,4,4
8314,4,4
8315,4,5
8316,4,4
8317,4,4
8319,4,5
8320,4,4
8321,4,5
8322,4,4
8323,4,6
8324,4,4
8327,4,4
8328,4,4
8329,4,4
8330,4,4
8331,4,5
8332,4,4
8333,4,4
8334,4,4
8335,4,4
8336,4,4
8337,4,4
8338,4,5
8339,4,4
8340,4,4
8341,4,4
8342,4,4
8343,4,5
8344,4,4
8345,4,6
8346,4,4
8347,4,5
8348,4,6
8350,4,4
8351,4,5
8354,4,4
8355,4,4
8357,4,5
8358,4,4
8359,4,4
8360,4,5
8361,4,4
8362,4,5
8363,4,4
8364,4,5
8365,4,5
8366,4,5
8367,4,4
8369,4,4
8370,4,5
8371,4,4
8373,4,4
8374,4,5
8375,4,4
8376,4,5
8379,4,4
8380,4,4
8381,4,4
8385,4,4
8386,4,6
8387,4,4
8388,4,6
8389,4,4
8391,4,4
8393,4,4
8394,4,5
8395,4,4
8396,4,6
8397,4,4
8398,4,4
8399,4,4
8400,4,6
8401,4,5
8402,4,5
8403,4,4
8404,4,6
8405,4,6
8406,4,6
8408,4,4
8409,4,5
8410,4,4
8411,4,4
8412,4,5
8413,4,5
8414,4,5
8415,4,5
8416,4,5
8417,4,4
8418,4,5
8419,4,5
8421,4,4
8422,4,4
8423,4,5
8424,4,4
8426,4,4
8427,4,4
8428,4,4
8429,4,4
8430,4,5
8431,4,4
8432,4,4
8434,4,5
8435,4,4
8437,4,5
8438,4,4
8439,4,4
8440,4,5
8441,4,5
8442,4,4
8443,4,4
8444,4,4
8445,4,4
8446,4,4
8447,4,5
8449,4,5
8450,4,5
8451,4,4
8452,4,5
8453,4,4
8454,4,5
8455,4,5
8456,4,5
8457,4,6
8458,4,6
8459,4,4
8461,4,6
8463,4,4
8464,4,7
8466,4,4
8467,4,5
8468,4,6
8469,4,5
8470,4,4
8471,4,4
8472,4,4
8473,4,4
8475,4,4
8476,4,5
8477,4,4
8478,4,4
8479,4,6
8480,4,4
8481,4,4
8482,4,4
8483,4,4
8484,4,4
8485,4,4
8486,4,6
8487,4,5
8488,4,4
8489,4,4
8490,4,4
8491,4,4
8492,4,4
8493,4,4
8494,4,5
8495,4,6
8496,4,5
8497,4,4
8498,4,4
8499,4,4
8500,4,6
8501,4,4
8502,4,4
8503,4,4
8504,4,5
8506,4,6
8507,4,4
8509,4,5
8510,4,5
8511,4,6
8512,4,4
8513,4,4
8514,4,6
8515,4,4
8516,4,4
8517,4,5
8518,4,4
8520,4,4
8521,4,4
8522,4,4
8526,4,4
8527,4,5
8528,4,4
8529,4,4
8530,4,5
8531,4,4
8532,4,4
8533,4,5
8534,4,4
8536,4,5
8537,4,4
8538,4,4
8539,4,4
8540,4,4
8541,4,4
8542,4,7
8544,4,4
8545,4,4
8546,4,4
8547,4,4
8548,4,6
8549,4,5
8550,4,6
8551,4,4
8552,4,4
8554,4,4
8555,4,4
8556,4,4
8557,4,5
8558,4,4
8560,4,4
8561,4,4
8562,4,5
8563,4,4
8565,4,4
8566,4,4
8567,4,6
8569,4,5
8570,4,5
8572,4,5
8573,4,5
8574,4,6
8575,4,4
8576,4,6
8577,4,4
8578,4,4
8579,4,5
8580,4,4
8581,4,5
8582,4,4
8583,4,5
8584,4,4
8585,4,5
8586,4,4
8587,4,5
8588,4,4
8589,4,4
8590,4,5
8591,4,4
8592,4,4
8593,4,4
8594,4,4
8595,4,4
8596,4,4
8598,4,5
8599,4,5
8600,4,4
8601,4,5
8602,4,6
8603,4,6
8604,4,4
8605,4,5
8606,4,4
8607,4,4
8608,4,4
8612,4,5
8615,4,4
8616,4,6
8621,4,4
8622,4,5
8625,4,6
8626,4,4
8627,4,5
8631,4,4
8634,4,4
8635,4,4
8636,4,4
8637,4,5
8638,4,4
8639,4,5
8640,4,4
8641,4,4
8643,4,6
8646,4,4
8647,4,4
8650,4,4
8651,4,4
8652,4,4
8653,4,4
8655,4,5
8656,4,4
8657,4,5
8659,4,6
8660,4,4
8661,4,5
8662,4,5
8663,4,5
8664,4,4
8665,4,5
8666,4,4
8667,4,5
8668,4,5
8669,4,5
8670,4,4
8671,4,5
8673,4,4
8674,4,5
8676,4,4
8677,4,4
8678,4,4
8679,4,4
8680,4,5
8681,4,5
8683,4,5
8684,4,4
8685,4,5
8686,4,4
8687,4,5
8690,4,6
8691,4,5
8692,4,4
8693,4,4
8694,4,4
8696,4,4
8698,4,4
8701,4,4
8702,4,4
8703,4,4
8705,4,4
8706,4,4
8707,4,4
8708,4,5
8709,4,5
8710,4,4
8711,4,4
8712,4,4
8713,4,5
8714,4,6
8715,4,4
8716,4,4
8717,4,5
8718,4,4
8720,4,5
8721,4,7
8722,4,4
8723,4,4
8724,4,5
8725,4,4
8726,4,4
8727,4,5
8728,4,5
8729,4,4
8730,4,4
8731,4,4
8732,4,6
8733,4,4
8734,4,4
8736,4,5
8737,4,4
8738,4,5
8739,4,5
8740,4,5
8741,4,5
8742,4,5
8744,4,4
8745,4,5
8746,4,4
8747,4,5
8750,4,5
8752,4,4
8753,4,5
8754,4,4
8755,4,4
8756,4,4
8757,4,5
8759,4,4
8760,4,5
8761,4,4
8762,4,4
8763,4,4
8764,4,5
8765,4,5
8766,4,4
8767,4,4
8768,4,4
8770,4,6
8771,4,4
8772,4,5
8773,4,4
8775,4,4
8776,4,5
8777,4,4
8778,4,4
8779,4,5
8780,4,6
8781,4,5
8782,4,4
8783,4,5
8784,4,4
8785,4,5
8786,4,4
8787,4,6
8790,4,5
8791,4,5
8792,4,5
8794,4,4
8796,4,5
8797,4,6
8798,4,4
8799,4,5
8800,4,5
8801,4,6
8802,4,5
8804,4,6
8805,4,4
8806,4,4
8807,4,4
8808,4,4
8811,4,4
8812,4,4
8813,4,6
8814,4,5
8815,4,4
8816,4,4
8817,4,4
8818,4,4
8819,4,4
8820,4,5
8821,4,4
8822,4,4
8823,4,4
8825,4,4
8826,4,4
8827,4,4
8828,4,4
8829,4,5
8831,4,5
8832,4,4
8833,4,4
8834,4,4
8835,4,5
8836,4,6
8837,4,4
8838,4,4
8839,4,5
8840,4,4
8841,4,4
8842,4,4
8843,4,4
8844,4,4
8845,4,4
8846,4,4
8848,4,4
8849,4,6
8850,4,6
8852,4,4
8856,4,4
8857,4,4
8858,4,4
8859,4,5
8860,4,4
8861,4,4
8862,4,4
8863,4,5
8865,4,5
8866,4,6
8867,4,6
8868,4,4
8869,4,4
8870,4,4
8871,4,7
8872,4,6
8873,4,6
8874,4,4
8875,4,4
8876,4,4
8877,4,4
8878,4,4
8879,4,5
8880,4,4
8881,4,4
8884,4,4
8885,4,4
8886,4,4
8887,4,4
8891,4,5
8892,4,4
8894,4,4
8896,4,4
8897,4,6
8898,4,5
8900,4,4
8901,4,5
8902,4,4
8903,4,4
8904,4,5
8905,4,6
8906,4,4
8907,4,4
8908,4,6
8911,4,4
8912,4,5
8913,4,5
8914,4,4
8916,4,5
8917,4,4
8918,4,4
8919,4,4
8920,4,5
8921,4,5
8922,4,4
8924,4,4
8925,4,4
8926,4,4
8927,4,4
8928,4,6
8929,4,4
8930,4,4
8931,4,4
8932,4,5
8933,4,6
8934,4,6
8935,4,4
8937,4,4
8938,4,6
8939,4,4
8941,4,5
8943,4,5
8944,4,4
8945,4,4
8947,4,5
8948,4,6
8949,4,5
8951,4,4
8952,4,4
8953,4,4
8956,4,5
8959,4,4
8961,4,6
8962,4,4
8963,4,6
8964,4,4
8965,4,6
8966,4,4
8967,4,4
8968,4,4
8972,4,4
8974,4,4
8975,4,5
8976,4,5
8977,4,4
8979,4,4
8980,4,5
8981,4,4
8982,4,4
8984,4,4
8985,4,6
8986,4,4
8987,4,4
8988,4,5
8989,4,5
8990,4,4
8991,4,4
8992,4,5
8993,4,5
8994,4,5
8995,4,4
8996,4,5
8997,4,6
8998,4,4
8999,4,7
9000,4,4
9001,4,5
9002,4,4
9003,4,4
9004,4,4
9006,4,6
9007,4,6
9008,4,4
9010,4,5
9011,4,4
9012,4,5
9013,4,4
9014,4,5
9016,4,4
9017,4,4
9018,4,5
9019,4,6
9020,4,5
9021,4,4
9022,4,4
9024,4,4
9025,4,5
9026,4,5
9027,4,5
9028,4,4
9029,4,5
9030,4,4
9031,4,6
9032,4,6
9035,4,5
9036,4,6
9037,4,4
9038,4,4
9039,4,4
9040,4,4
9044,4,4
9045,4,5
9046,4,7
9048,4,5
9049,4,4
9050,4,4
9051,4,6
9052,4,4
9053,4,4
9054,4,5
9055,4,5
9056,4,4
9057,4,6
9058,4,5
9059,4,4
9060,4,4
9062,4,4
9063,4,5
9065,4,4
9066,4,6
9067,4,4
9069,4,6
9070,4,4
9071,4,4
9072,4,5
9073,4,4
9074,4,4
9075,4,4
9076,4,4
9077,4,6
9078,4,5
9079,4,5
9080,4,5
9081,4,6
9082,4,4
9083,4,5
9085,4,4
9086,4,4
9088,4,4
9089,4,4
9090,4,4
9091,4,4
9092,4,4
9093,4,7
9094,4,4
9095,4,5
9096,4,4
9097,4,4
9099,4,4
9100,4,4
9101,4,6
9102,4,4
9103,4,5
9104,4,5
9105,4,4
9106,4,4
9107,4,5
9108,4,4
9112,4,4
9114,4,5
9115,4,4
9116,4,4
9117,4,4
9118,4,4
9119,4,4
9121,4,4
9122,4,4
9123,4,4
9124,4,5
9126,4,4
9127,4,4
9128,4,6
9130,4,4
9131,4,5
9132,4,5
9133,4,4
9134,4,4
9136,4,4
9140,4,4
9142,4,4
9143,4,4
9144,4,4
9145,4,6
9146,4,4
9150,4,5
9151,4,4
9152,4,5
9153,4,4
9154,4,4
9156,4,6
9158,4,4
9159,4,4
9160,4,5
9161,4,4
9163,4,5
9164,4,4
9165,4,4
9166,4,4
9167,4,4
9168,4,4
9169,4,5
9171,4,8
9172,4,5
9173,4,4
9175,4,4
9176,4,4
9177,4,4
9179,4,4
9180,4,5
9181,4,6
9182,4,5
9184,4,4
9187,4,4
9188,4,4
9189,4,5
9190,4,4
9192,4,4
9194,4,4
9195,4,4
9196,4,5
9197,4,4
9199,4,7
9200,4,4
9201,4,4
9202,4,4
9203,4,4
9205,4,5
9206,4,6
9208,4,6
9210,4,4
9211,4,5
9212,4,4
9213,4,4
9214,4,5
9215,4,4
9216,4,5
9217,4,4
9218,4,4
9219,4,5
9220,4,4
9221,4,4
9222,4,5
9223,4,4
9224,4,4
9225,4,4
9226,4,4
9227,4,4
9228,4,4
9229,4,4
9230,4,4
9231,4,5
9233,4,8
9235,4,4
9237,4,6
9238,4,4
9239,4,4
9240,4,4
9241,4,5
9243,4,4
9245,4,5
9246,4,4
9247,4,7
9248,4,4
9249,4,4
9250,4,4
9251,4,4
9252,4,4
9253,4,4
9255,4,4
9256,4,5
9257,4,4
9258,4,4
9260,4,5
9261,4,4
9263,4,4
9265,4,4
9266,4,4
9267,4,4
9268,4,4
9269,4,4
9270,4,7
9271,4,4
9272,4,4
9273,4,4
9274,4,5
9275,4,5
9276,4,4
9277,4,4
9278,4,4
9279,4,4
9280,4,5
9281,4,4
9282,4,5
9283,4,4
9284,4,4
9285,4,4
9286,4,4
9287,4,4
9288,4,4
9289,4,4
9290,4,5
9291,4,6
9293,4,4
9294,4,4
9295,4,4
9296,4,4
9297,4,5
9299,4,5
9300,4,4
9301,4,5
9303,4,4
9304,4,4
9305,4,4
9306,4,4
9307,4,5
9308,4,4
9309,4,5
9310,4,4
9311,4,4
9312,4,4
9314,4,5
9315,4,5
9316,4,4
9317,4,6
9318,4,4
9319,4,4
9321,4,4
9322,4,4
9323,4,4
9324,4,4
9326,4,5
9327,4,6
9328,4,6
9329,4,4
9330,4,4
9331,4,4
9332,4,4
9333,4,4
9334,4,4
9335,4,4
9336,4,5
9337,4,4
9338,4,5
9339,4,6
9340,4,5
9341,4,5
9342,4,5
9343,4,4
9344,4,4
9345,4,4
9346,4,4
9347,4,7
9348,4,4
9350,4,4
9351,4,5
9352,4,4
9354,4,4
9356,4,4
9357,4,5
9358,4,4
9359,4,5
9361,4,4
9362,4,4
9363,4,5
9364,4,4
9365,4,4
9366,4,4
9367,4,5
9368,4,4
9369,4,4
9370,4,4
9371,4,4
9372,4,5
9373,4,4
9374,4,5
9375,4,4
9376,4,4
9377,4,5
9378,4,5
9379,4,4
9380,4,5
9381,4,5
9382,4,4
9385,4,7
9386,4,4
9387,4,4
9389,4,4
9390,4,4
9391,4,4
9392,4,4
9396,4,5
9397,4,5
9398,4,6
9399,4,4
9400,4,4
9401,4,4
9403,4,4
9404,4,5
9405,4,4
9406,4,4
9407,4,4
9408,4,4
9409,4,4
9410,4,4
9412,4,4
9413,4,4
9414,4,4
9415,4,5
9416,4,4
9417,4,4
9419,4,4
9420,4,4
9421,4,4
9423,4,4
9424,4,4
9425,4,4
9426,4,4
9428,4,4
9429,4,4
9430,4,4
9431,4,4
9432,4,5
9433,4,5
9434,4,4
9435,4,4
9436,4,4
9437,4,4
9438,4,4
9440,4,5
9441,4,5
9442,4,5
9443,4,4
9444,4,4
9445,4,4
9446,4,6
9447,4,4
9448,4,4
9450,4,4
9451,4,4
9452,4,4
9455,4,4
9456,4,4
9457,4,4
9458,4,5
9459,4,4
9460,4,6
9461,4,5
9462,4,4
9463,4,5
9465,4,4
9467,4,4
9468,4,5
9469,4,4
9470,4,5
9471,4,4
9474,4,5
9475,4,6
9477,4,5
9478,4,6
9479,4,4
9480,4,5
9481,4,4
9482,4,4
9483,4,4
9484,4,4
9485,4,5
9486,4,4
9487,4,4
9488,4,6
9489,4,4
9491,4,4
9492,4,4
9493,4,4
9494,4,4
9495,4,4
9496,4,4
9497,4,4
9498,4,4
9499,4,4
9500,4,4
9501,4,4
9502,4,4
9503,4,5
9504,4,5
9506,4,5
9507,4,5
9510,4,4
9511,4,4
9513,4,8
9514,4,5
9515,4,6
9516,4,6
9517,4,4
9518,4,6
9520,4,8
9522,4,4
9523,4,4
9524,4,5
9525,4,4
9526,4,4
9528,4,4
9529,4,4
9530,4,4
9531,4,4
9532,4,5
9533,4,5
9534,4,4
9536,4,5
9537,4,5
9538,4,5
9539,4,4
9540,4,5
9541,4,4
9543,4,6
9544,4,4
9545,4,4
9546,4,4
9550,4,5
9551,4,4
9552,4,4
9553,4,4
9554,4,4
9555,4,4
9556,4,5
9557,4,4
9558,4,5
9559,4,5
9560,4,4
9561,4,4
9562,4,6
9563,4,5
9564,4,4
9565,4,5
9566,4,4
9567,4,4
9568,4,4
9569,4,4
9570,4,4
9571,4,5
9572,4,5
9573,4,4
9574,4,4
9575,4,6
9576,4,5
9578,4,5
9579,4,4
9580,4,5
9581,4,4
9582,4,5
9583,4,4
9584,4,4
9585,4,4
9586,4,5
9588,4,4
9589,4,5
9590,4,4
9591,4,4
9592,4,4
9594,4,5
9595,4,4
9596,4,4
9597,4,4
9598,4,4
9599,4,4
9601,4,4
9602,4,5
9603,4,4
9605,4,4
9606,4,4
9607,4,4
9608,4,4
9609,4,4
9610,4,4
9611,4,5
9612,4,4
9613,4,5
9614,4,4
9615,4,5
9616,4,4
9619,4,8
9621,4,5
9622,4,4
9623,4,6
9624,4,4
9625,4,5
9626,4,4
9627,4,5
9628,4,4
9629,4,4
9630,4,4
9631,4,6
9632,4,4
9633,4,4
9634,4,6
9635,4,5
9637,4,5
9638,4,4
9639,4,5
9640,4,5
9641,4,4
9642,4,5
9643,4,6
9644,4,4
9645,4,4
9648,4,5
9649,4,4
9650,4,4
9651,4,6
9652,4,4
9653,4,6
9654,4,4
9655,4,4
9656,4,5
9657,4,4
9658,4,6
9659,4,4
9660,4,5
9661,4,4
9664,4,4
9665,4,5
9666,4,5
9669,4,6
9670,4,4
9671,4,5
9673,4,5
9674,4,4
9675,4,5
9676,4,4
9677,4,4
9678,4,7
9679,4,5
9680,4,5
9681,4,4
9682,4,4
9683,4,4
9684,4,4
9685,4,4
9687,4,4
9688,4,5
9689,4,4
9690,4,4
9691,4,5
9692,4,5
9694,4,7
9695,4,5
9696,4,5
9697,4,5
9698,4,4
9700,4,4
9701,4,4
9702,4,4
9703,4,4
9704,4,5
9705,4,5
9706,4,4
9709,4,4
9710,4,4
9712,4,4
9713,4,4
9714,4,7
9715,4,4
9717,4,5
9718,4,5
9719,4,6
9720,4,6
9721,4,4
9722,4,4
9723,4,4
9724,4,4
9726,4,5
9727,4,4
9728,4,4
9729,4,4
9730,4,4
9731,4,4
9733,4,4
9734,4,5
9735,4,4
9737,4,4
9739,4,5
9740,4,5
9741,4,4
9742,4,5
9743,4,4
9744,4,4
9746,4,6
9748,4,4
9749,4,4
9750,4,4
9752,4,4
9753,4,5
9755,4,4
9756,4,4
9757,4,4
9758,4,4
9759,4,4
9761,4,5
9763,4,4
9765,4,4
9766,4,6
9767,4,4
9768,4,4
9769,4,4
9770,4,5
9771,4,4
9772,4,4
9773,4,6
9774,4,4
9776,4,8
9777,4,4
9778,4,4
9779,4,4
9780,4,5
9782,4,4
9783,4,6
9786,4,4
9787,4,5
9788,4,5
9790,4,5
9791,4,4
9794,4,4
9795,4,6
9796,4,4
9797,4,4
9798,4,4
9800,4,5
9801,4,4
9802,4,4
9803,4,4
9804,4,4
9805,4,4
9806,4,4
9807,4,5
9808,4,4
9809,4,4
9810,4,5
9811,4,4
9812,4,4
9813,4,4
9814,4,4
9815,4,6
9816,4,4
9817,4,4
9818,4,6
9819,4,5
9820,4,5
9821,4,4
9822,4,6
9823,4,6
9825,4,4
9829,4,4
9830,4,5
9831,4,4
9832,4,4
9833,4,4
9834,4,4
9835,4,6
9836,4,5
9837,4,4
9838,4,4
9839,4,4
9840,4,4
9841,4,4
9846,4,4
9847,4,5
9848,4,4
9849,4,4
9850,4,4
9851,4,4
9852,4,4
9853,4,4
9854,4,4
9855,4,4
9856,4,5
9857,4,5
9858,4,5
9859,4,4
9860,4,4
9861,4,5
9864,4,4
9865,4,5
9866,4,4
9867,4,4
9868,4,5
9869,4,6
9870,4,4
9871,4,6
9872,4,4
9873,4,5
9874,4,4
9875,4,5
9876,4,4
9877,4,4
9878,4,5
9879,4,5
9880,4,5
9881,4,4
9883,4,4
9884,4,5
9885,4,4
9886,4,4
9887,4,4
9888,4,6
9889,4,6
9890,4,5
9891,4,6
9892,4,4
9893,4,6
9894,4,5
9895,4,4
9896,4,4
9897,4,4
9899,4,4
9901,4,4
9902,4,5
9904,4,4
9905,4,5
9906,4,5
9907,4,6
9908,4,5
9909,4,4
9910,4,5
9911,4,4
9912,4,5
9913,4,4
9914,4,4
9915,4,5
9916,4,4
9917,4,4
9918,4,4
9919,4,4
9922,4,4
9923,4,4
9924,4,5
9925,4,5
9926,4,6
9927,4,5
9928,4,5
9929,4,4
9930,4,5
9931,4,4
9932,4,5
9933,4,4
9934,4,4
9935,4,4
9936,4,5
9937,4,5
9938,4,4
9940,4,4
9941,4,5
9942,4,4
9943,4,4
9944,4,4
9945,4,4
9946,4,6
9947,4,4
9948,4,4
9949,4,4
9950,4,6
9951,4,4
9952,4,4
9953,4,4
9954,4,4
9955,4,4
9956,4,4
9957,4,4
9959,4,4
9960,4,4
9961,4,6
9962,4,5
9964,4,5
9966,4,4
9967,4,4
9968,4,4
9969,4,4
9970,4,5
9971,4,4
9972,4,4
9973,4,5
9974,4,6
9975,4,4
9976,4,4
9977,4,4
9979,4,7
9980,4,4
9981,4,5
9982,4,4
9984,4,4
9985,4,4
9986,4,5
9990,4,5
9991,4,4
9992,4,5
9993,4,4
9994,4,4
9995,4,4
9996,4,4
9997,4,7
9999,4,4
10000,4,6
10001,4,5
10002,4,5
10003,4,4
10004,4,5
10005,4,4
10007,4,4
10008,4,4
10009,4,4
10010,4,5
10011,4,4
10013,4,4
10014,4,4
10016,4,5
10017,4,4
10018,4,4
10019,4,5
10021,4,4
10023,4,6
10026,4,4
10027,4,4
10028,4,5
10029,4,5
10030,4,4
10031,4,4
10032,4,4
10033,4,4
10034,4,7
10036,4,5
10038,4,4
10039,4,4
10041,4,4
10042,4,6
10043,4,5
10044,4,5
10045,4,5
10046,4,6
10047,4,4
10048,4,4
10049,4,4
10050,4,5
10051,4,4
10052,4,5
10053,4,4
10054,4,4
10055,4,4
10056,4,4
10058,4,4
10059,4,4
10060,4,5
10061,4,4
10062,4,5
10063,4,5
10065,4,4
10066,4,4
10068,4,4
10069,4,6
10070,4,4
10071,4,4
10072,4,4
10073,4,4
10074,4,4
10075,4,5
10076,4,4
10079,4,6
10080,4,5
10081,4,5
10082,4,4
10083,4,5
10084,4,4
10085,4,5
10086,4,4
10087,4,4
10088,4,4
10089,4,7
10090,4,5
10091,4,5
10092,4,4
10093,4,5
10094,4,4
10095,4,5
10096,4,4
10097,4,4
10099,4,5
10101,4,5
10102,4,5
10103,4,4
10106,4,4
10107,4,4
10108,4,4
10109,4,6
10111,4,5
10115,4,5
10117,4,4
10118,4,4
10119,4,4
10120,4,4
10121,4,6
10122,4,5
10123,4,4
10124,4,5
10125,4,4
10126,4,5
10127,4,4
10128,4,4
10129,4,5
10130,4,5
10131,4,5
10134,4,5
10138,4,5
10139,4,4
10140,4,4
10141,4,4
10142,4,4
10143,4,5
10144,4,4
10145,4,4
10146,4,4
10147,4,7
10148,4,4
10149,4,6
10150,4,4
10151,4,7
10152,4,5
10153,4,5
10154,4,4
10155,4,4
10156,4,4
10157,4,4
10158,4,4
10159,4,5
10160,4,5
10164,4,5
10165,4,5
10166,4,4
10167,4,4
10168,4,4
10169,4,4
10170,4,5
10171,4,5
10172,4,5
10173,4,4
10174,4,6
10175,4,4
10176,4,4
10177,4,5
10178,4,4
10179,4,4
10180,4,4
10181,4,4
10182,4,4
10183,4,5
10184,4,4
10185,4,4
10186,4,4
10187,4,5
10188,4,4
10189,4,5
10190,4,5
10191,4,7
10192,4,4
10193,4,4
10194,4,4
10195,4,5
10196,4,4
10197,4,4
10198,4,4
10200,4,4
10201,4,4
10203,4,6
10204,4,4
10205,4,6
10206,4,4
10207,4,4
10208,4,4
10209,4,4
10210,4,5
10211,4,4
10212,4,5
10213,4,6
10214,4,5
10215,4,4
10216,4,5
10217,4,4
10218,4,6
10219,4,7
10220,4,6
10221,4,4
10222,4,5
10223,4,4
10224,4,5
10225,4,4
10226,4,4
10227,4,4
10228,4,4
10230,4,4
10231,4,4
10236,4,4
10237,4,4
10238,4,5
10239,4,4
10240,4,4
10241,4,5
10243,4,5
10244,4,4
10248,4,4
10249,4,4
10250,4,5
10251,4,4
10252,4,4
10253,4,4
10254,4,4
10255,4,4
10256,4,4
10257,4,4
10258,4,5
10259,4,5
10260,4,6
10261,4,4
10262,4,4
10263,4,4
10265,4,4
10266,4,7
10267,4,4
10268,4,4
10269,4,5
10270,4,4
10271,4,4
10273,4,5
10275,4,5
10276,4,5
10277,4,4
10278,4,4
10280,4,4
10281,4,4
10282,4,5
10283,4,5
10284,4,5
10285,4,5
10288,4,5
10291,4,5
10292,4,5
10294,4,6
10295,4,5
10296,4,4
10297,4,5
10298,4,4
10299,4,4
10300,4,5
10302,4,5
10303,4,5
10305,4,5
10306,4,4
10307,4,4
10308,4,4
10309,4,5
10310,4,5
10311,4,5
10312,4,4
10313,4,6
10314,4,4
10315,4,4
10316,4,4
10317,4,4
10318,4,4
10319,4,5
10320,4,4
10321,4,4
10322,4,5
10323,4,4
10325,4,4
10326,4,5
10327,4,7
10328,4,4
10329,4,4
10330,4,5
10331,4,6
10332,4,4
10333,4,4
10334,4,4
10335,4,4
10339,4,4
10340,4,4
10341,4,6
10342,4,4
10343,4,4
10344,4,5
10345,4,4
10346,4,4
10347,4,4
10348,4,4
10349,4,4
10350,4,4
10353,4,4
10354,4,4
10355,4,4
10356,4,4
10357,4,5
10358,4,5
10360,4,4
10361,4,4
10362,4,5
10363,4,5
10364,4,4
10365,4,5
10366,4,5
10367,4,5
10368,4,4
10369,4,5
10370,4,5
10371,4,4
10372,4,5
10373,4,6
10374,4,5
10375,4,5
10376,4,4
10377,4,4
10378,4,4
10379,4,4
10382,4,4
10383,4,4
10384,4,5
10385,4,6
10386,4,4
10387,4,5
10388,4,5
10389,4,5
10390,4,6
10391,4,4
10392,4,4
10393,4,4
10394,4,4
10395,4,5
10396,4,6
10397,4,4
10398,4,7
10399,4,4
10401,4,4
10402,4,4
10403,4,4
10404,4,6
10405,4,4
10406,4,4
10407,4,4
10408,4,4
10409,4,4
10410,4,4
10411,4,5
10413,4,5
10414,4,4
10416,4,4
10417,4,5
10418,4,4
10419,4,4
10420,4,4
10421,4,4
10422,4,4
10423,4,4
10424,4,5
10425,4,4
10426,4,5
10428,4,4
10429,4,4
10432,4,4
10435,4,4
10436,4,5
10437,4,5
10438,4,4
10439,4,4
10440,4,4
10441,4,4
10442,4,4
10443,4,4
10444,4,4
10445,4,4
10446,4,5
10447,4,8
10448,4,6
10449,4,4
10450,4,4
10451,4,4
10452,4,4
10453,4,4
10454,4,4
10455,4,4
10456,4,4
10459,4,4
10460,4,4
10461,4,5
10462,4,4
10463,4,4
10464,4,4
10465,4,6
10466,4,4
10467,4,4
10469,4,4
10470,4,6
10471,4,4
10472,4,4
10473,4,4
10474,4,4
10475,4,4
10476,4,4
10477,4,7
10478,4,6
10479,4,5
10480,4,4
10481,4,5
10482,4,5
10483,4,4
10484,4,4
10485,4,6
10486,4,4
10487,4,4
10488,4,5
10489,4,5
10490,4,4
10491,4,5
10492,4,5
10493,4,4
10494,4,4
10495,4,5
10496,4,4
10497,4,4
10498,4,4
10500,4,4
10501,4,6
10502,4,4
10503,4,4
10504,4,4
10506,4,4
10507,4,4
10508,4,5
10509,4,4
10510,4,5
10512,4,5
10513,4,5
10514,4,5
10515,4,4
10516,4,4
10518,4,4
10519,4,4
10520,4,5
10521,4,4
10522,4,4
10523,4,4
10524,4,4
10525,4,4
10526,4,4
10527,4,4
10528,4,4
10529,4,6
10530,4,6
10531,4,4
10532,4,5
10533,4,4
10534,4,4
10536,4,4
10537,4,6
10538,4,5
10540,4,4
10541,4,4
10542,4,4
10543,4,4
10544,4,5
10545,4,4
10546,4,4
10547,4,4
10550,4,6
10551,4,4
10552,4,6
10553,4,4
10554,4,7
10555,4,5
10556,4,4
10557,4,4
10558,4,5
10559,4,5
10561,4,6
10562,4,6
10563,4,4
10564,4,4
10565,4,5
10566,4,5
10567,4,4
10568,4,5
10569,4,5
10570,4,4
10571,4,5
10572,4,4
10573,4,4
10574,4,5
10575,4,5
10576,4,4
10579,4,4
10582,4,6
10583,4,6
10584,4,6
10585,4,4
10587,4,4
10589,4,6
10591,4,4
10592,4,6
10593,4,4
10596,4,5
10598,4,4
10599,4,4
10600,4,5
10603,4,5
10605,4,6
10607,4,4
10608,4,4
10609,4,4
10610,4,6
10611,4,4
10612,4,4
10613,4,4
10614,4,4
10616,4,5
10617,4,5
10618,4,4
10619,4,4
10621,4,6
10624,4,6
10625,4,4
10626,4,4
10627,4,4
10628,4,5
10629,4,4
10630,4,5
10633,4,8
10634,4,4
10635,4,5
10636,4,4
10637,4,4
10638,4,5
10639,4,5
10640,4,6
10642,4,4
10643,4,5
10645,4,5
10647,4,4
10648,4,4
10650,4,7
10651,4,4
10654,4,4
10655,4,4
10656,4,6
10658,4,5
10659,4,4
10661,4,5
10663,4,4
10664,4,5
10665,4,6
10666,4,4
10667,4,5
10670,4,4
10673,4,5
10675,4,5
10679,4,4
10680,4,5
10681,4,4
10682,4,4
10683,4,6
10685,4,4
10686,4,4
10687,4,4
10688,4,5
10689,4,4
10690,4,4
10691,4,4
10692,4,4
10693,4,4
10694,4,4
10695,4,5
10696,4,4
10697,4,4
10698,4,4
10699,4,4
10700,4,4
10701,4,4
10702,4,5
10703,4,4
10704,4,4
10705,4,4
10706,4,4
10707,4,4
10708,4,4
10710,4,6
10711,4,5
10712,4,5
10713,4,5
10714,4,6
10716,4,5
10717,4,4
10718,4,4
10720,4,5
10721,4,4
10722,4,4
10723,4,4
10724,4,4
10725,4,5
10726,4,4
10727,4,6
10728,4,4
10729,4,5
10730,4,4
10731,4,4
10732,4,5
10733,4,4
10734,4,5
10735,4,4
10736,4,4
10737,4,4
10738,4,5
10739,4,4
10740,4,4
10741,4,5
10742,4,6
10743,4,5
10744,4,4
10745,4,5
10746,4,4
10747,4,4
10748,4,5
10749,4,5
10750,4,4
10751,4,5
10752,4,4
10753,4,5
10756,4,5
10757,4,5
10758,4,5
10759,4,4
10760,4,5
10761,4,5
10763,4,6
10764,4,4
10765,4,5
10766,4,4
10768,4,5
10769,4,6
10770,4,4
10771,4,6
10772,4,4
10774,4,4
10776,4,4
10777,4,5
10778,4,6
10779,4,5
10780,4,7
10781,4,5
10782,4,4
10783,4,4
10784,4,4
10785,4,4
10786,4,4
10787,4,7
10788,4,5
10789,4,4
10790,4,7
10792,4,4
10793,4,4
10794,4,4
10795,4,4
10797,4,5
10798,4,4
10799,4,6
10800,4,4
10801,4,6
10802,4,4
10803,4,5
10804,4,4
10805,4,4
10806,4,5
10807,4,4
10810,4,5
10811,4,4
10812,4,4
10813,4,4
10814,4,5
10815,4,4
10816,4,5
10817,4,5
10818,4,4
10819,4,4
10820,4,4
10821,4,5
10822,4,4
10823,4,5
10824,4,4
10825,4,6
10826,4,4
10827,4,4
10828,4,5
10829,4,4
10830,4,6
10831,4,4
10832,4,4
10833,4,4
10834,4,4
10835,4,5
10836,4,4
10837,4,4
10838,4,5
10840,4,5
10843,4,4
10844,4,4
10845,4,4
10846,4,5
10847,4,4
10848,4,4
10849,4,4
10850,4,4
10851,4,4
10852,4,4
10853,4,4
10854,4,6
10855,4,5
10856,4,5
10857,4,5
10858,4,4
10859,4,5
10860,4,6
10862,4,4
10863,4,4
10864,4,4
10866,4,4
10867,4,4
10868,4,4
10869,4,4
10870,4,4
10871,4,7
10872,4,5
10873,4,4
10874,4,4
10875,4,5
10876,4,5
10877,4,4
10878,4,4
10880,4,5
10881,4,4
10882,4,4
10883,4,4
10884,4,5
10885,4,4
10886,4,4
10887,4,4
10888,4,4
10889,4,4
10891,4,4
10892,4,4
10893,4,5
10895,4,4
10896,4,4
10897,4,5
10898,4,4
10899,4,5
10901,4,5
10902,4,4
10903,4,5
10905,4,6
10906,4,4
10907,4,4
10908,4,5
10909,4,4
10910,4,7
10911,4,5
10912,4,5
10914,4,6
10915,4,4
10916,4,4
10917,4,5
10918,4,5
10919,4,4
10920,4,4
10921,4,4
10922,4,5
10923,4,4
10924,4,5
10926,4,5
10927,4,5
10928,4,4
10929,4,4
10930,4,4
10931,4,4
10932,4,5
10933,4,4
10936,4,8
10937,4,5
10938,4,4
10939,4,4
10940,4,4
10941,4,4
10942,4,5
10943,4,5
10944,4,5
10948,4,4
10949,4,4
10950,4,5
10951,4,4
10952,4,4
10953,4,4
10954,4,4
10955,4,5
10956,4,4
10957,4,4
10959,4,5
10960,4,7
10961,4,5
10962,4,4
10963,4,5
10964,4,4
10965,4,5
10966,4,4
10967,4,4
10968,4,5
10969,4,4
10970,4,5
10971,4,5
10972,4,4
10973,4,5
10974,4,4
10979,4,7
10980,4,4
10981,4,4
10982,4,6
10983,4,4
10984,4,4
10985,4,7
10986,4,4
10987,4,4
10988,4,4
10990,4,4
10992,4,4
10993,4,6
10995,4,5
10996,4,4
10998,4,4
10999,4,4
11000,4,4
11001,4,4
11002,4,4
11003,4,4
11004,4,5
11005,4,4
11007,4,4
11008,4,4
11009,4,4
11010,4,5
11011,4,5
11012,4,4
11013,4,4
11014,4,5
11015,4,5
11016,4,6
11017,4,5
11018,4,5
11019,4,5
11021,4,5
11022,4,4
11023,4,4
11024,4,4
11025,4,4
11026,4,4
11027,4,5
11028,4,5
11029,4,4
11030,4,5
11031,4,7
11033,4,4
11034,4,4
11035,4,4
11036,4,5
11037,4,4
11038,4,4
11039,4,6
11040,4,4
11041,4,5
11042,4,5
11044,4,4
11045,4,4
11046,4,4
11048,4,6
11049,4,5
11050,4,6
11051,4,4
11052,4,5
11053,4,5
11054,4,4
11055,4,4
11056,4,4
11058,4,4
11059,4,6
11060,4,5
11061,4,4
11062,4,4
11064,4,5
11065,4,6
11066,4,5
11067,4,4
11068,4,4
11070,4,4
11071,4,4
11072,4,4
11073,4,4
11074,4,4
11075,4,4
11076,4,4
11077,4,5
11078,4,4
11079,4,5
11080,4,4
11082,4,4
11083,4,5
11085,4,6
11086,4,4
11087,4,5
11088,4,5
11089,4,5
11090,4,5
11092,4,6
11093,4,4
11094,4,4
11096,4,6
11097,4,4
11098,4,5
11099,4,4
11100,4,6
11102,4,4
11103,4,5
11104,4,6
11105,4,4
11106,4,6
11107,4,4
11108,4,5
11109,4,5
11110,4,4
11112,4,6
11113,4,4
11114,4,4
11115,4,5
11116,4,5
11117,4,4
11118,4,4
11119,4,5
11120,4,4
11121,4,4
11122,4,4
11123,4,5
11124,4,5
11125,4,4
11127,4,5
11128,4,4
11129,4,4
11131,4,4
11132,4,4
11133,4,4
11134,4,5
11135,4,4
11136,4,5
11138,4,4
11139,4,5
11140,4,6
11141,4,5
11142,4,4
11143,4,5
11144,4,4
11146,4,4
11147,4,5
11148,4,4
11149,4,4
11151,4,5
11152,4,4
11153,4,4
11154,4,4
11155,4,6
11156,4,4
11158,4,8
11160,4,4
11161,4,4
11162,4,4
11164,4,4
11165,4,4
11168,4,4
11169,4,6
11170,4,6
11172,4,6
11173,4,4
11174,4,5
11175,4,6
11176,4,4
11177,4,4
11178,4,6
11179,4,5
11180,4,5
11181,4,5
11182,4,6
11183,4,5
11185,4,6
11186,4,4
11187,4,4
11188,4,5
11189,4,4
11190,4,4
11192,4,4
11193,4,4
11194,4,4
11195,4,4
11196,4,4
11197,4,5
11198,4,5
11200,4,7
11201,4,4
11204,4,4
11206,4,4
11207,4,4
11208,4,4
11209,4,4
11210,4,4
11211,4,5
11213,4,4
11214,4,4
11215,4,4
11216,4,4
11217,4,4
11218,4,4
11219,4,6
11221,4,5
11222,4,4
11223,4,4
11224,4,4
11225,4,4
11226,4,5
11227,4,6
11229,4,5
11230,4,4
11231,4,4
11232,4,4
11233,4,4
11234,4,4
11235,4,4
11236,4,4
11237,4,4
11238,4,5
11239,4,4
11241,4,6
11242,4,4
11243,4,4
11244,4,4
11245,4,4
11246,4,5
11247,4,5
11248,4,4
11249,4,4
11250,4,4
11253,4,4
11254,4,4
11255,4,4
11256,4,6
11257,4,7
11259,4,4
11260,4,6
11262,4,4
11263,4,4
11264,4,4
11265,4,4
11266,4,5
11267,4,6
11270,4,4
11271,4,4
11272,4,4
11274,4,6
11275,4,4
11276,4,5
11277,4,4
11278,4,4
11279,4,4
11280,4,6
11281,4,5
11282,4,4
11283,4,4
11284,4,4
11285,4,4
11286,4,4
11287,4,4
11288,4,4
11289,4,6
11290,4,4
11291,4,6
11293,4,6
11294,4,4
11295,4,5
11296,4,5
11297,4,6
11298,4,4
11299,4,4
11300,4,4
11301,4,5
11303,4,4
11306,4,5
11307,4,4
11308,4,4
11310,4,4
11311,4,4
11314,4,5
11315,4,4
11316,4,4
11317,4,6
11318,4,4
11319,4,4
11320,4,4
11321,4,5
11322,4,4
11323,4,4
11324,4,4
11325,4,4
11326,4,5
11327,4,4
11328,4,4
11329,4,5
11330,4,5
11331,4,4
11332,4,4
11333,4,4
11335,4,4
11336,4,5
11337,4,4
11338,4,4
11339,4,5
11341,4,5
11342,4,4
11343,4,4
11344,4,5
11345,4,5
11347,4,7
11348,4,6
11349,4,5
11350,4,4
11351,4,5
11352,4,4
11353,4,4
11354,4,5
11355,4,4
11356,4,6
11357,4,4
11358,4,4
11360,4,4
11361,4,4
11362,4,4
11363,4,4
11364,4,4
11365,4,4
11366,4,6
11368,4,5
11369,4,4
11370,4,4
11371,4,5
11372,4,4
11374,4,4
11375,4,4
11376,4,4
11377,4,4
11379,4,6
11380,4,4
11381,4,4
11382,4,4
11383,4,6
11385,4,4
11386,4,4
11387,4,4
11388,4,5
11389,4,6
11390,4,4
11391,4,5
11392,4,4
11393,4,5
11394,4,5
11396,4,4
11397,4,4
11398,4,4
11400,4,4
11401,4,4
11402,4,5
11403,4,5
11404,4,4
11405,4,4
11407,4,5
11408,4,5
11409,4,7
11411,4,8
11413,4,4
11414,4,4
11415,4,5
11416,4,4
11417,4,5
11418,4,4
11420,4,4
11421,4,4
11422,4,4
11423,4,4
11425,4,4
11426,4,6
11429,4,4
11430,4,4
11431,4,4
11432,4,4
11433,4,5
11434,4,5
11435,4,5
11436,4,5
11437,4,4
11438,4,4
11439,4,4
11440,4,4
11441,4,5
11443,4,4
11444,4,4
11445,4,4
11446,4,4
11447,4,4
11448,4,4
11449,4,4
11450,4,5
11451,4,4
11452,4,5
11453,4,4
11454,4,5
11455,4,4
11458,4,4
11459,4,5
11460,4,6
11461,4,5
11462,4,4
11463,4,4
11464,4,4
11465,4,4
11466,4,4
11467,4,6
11468,4,5
11469,4,4
11470,4,5
11471,4,4
11472,4,4
11473,4,4
11474,4,4
11475,4,4
11476,4,4
11478,4,4
11479,4,5
11480,4,5
11482,4,4
11483,4,4
11484,4,6
11485,4,5
11488,4,5
11489,4,5
11490,4,4
11491,4,5
11492,4,4
11493,4,4
11494,4,4
11495,4,5
11496,4,4
11497,4,5
11498,4,4
11499,4,4
11500,4,4
11501,4,4
11502,4,4
11503,4,4
11504,4,4
11505,4,4
11507,4,4
11508,4,5
11509,4,4
11512,4,4
11513,4,4
11514,4,4
11515,4,5
11516,4,4
11517,4,5
11518,4,4
11520,4,4
11521,4,4
11522,4,4
11523,4,4
11524,4,4
11525,4,5
11526,4,4
11527,4,4
11528,4,5
11529,4,4
11530,4,5
11531,4,6
11532,4,4
11533,4,4
11534,4,4
11535,4,5
11537,4,4
11538,4,4
11539,4,4
11540,4,5
11541,4,4
11543,4,4
11545,4,4
11546,4,6
11548,4,6
11549,4,5
11551,4,4
11552,4,4
11554,4,4
11555,4,4
11556,4,4
11557,4,5
11558,4,5
11561,4,5
11562,4,5
11563,4,4
11564,4,4
11565,4,6
11566,4,5
11567,4,4
11568,4,4
11569,4,5
11571,4,5
11573,4,4
11574,4,4
11575,4,5
11576,4,4
11579,4,5
11580,4,4
11581,4,4
11582,4,5
11583,4,5
11584,4,5
11585,4,4
11586,4,5
11587,4,5
11588,4,6
11589,4,4
11590,4,5
11591,4,4
11592,4,4
11594,4,5
11595,4,5
11596,4,5
11597,4,5
11599,4,5
11601,4,5
11602,4,6
11603,4,4
11604,4,5
11606,4,5
11607,4,4
11608,4,4
11609,4,7
11611,4,4
11612,4,4
11613,4,4
11614,4,4
11615,4,6
11617,4,4
11618,4,4
11619,4,4
11620,4,4
11621,4,4
11622,4,5
11623,4,5
11625,4,5
11626,4,6
11627,4,4
11628,4,4
11629,4,4
11630,4,7
11632,4,4
11633,4,4
11634,4,4
11635,4,4
11637,4,5
11638,4,4
11639,4,5
11640,4,4
11641,4,4
11642,4,4
11643,4,4
11644,4,6
11645,4,4
11646,4,4
11648,4,5
11649,4,4
11650,4,4
11651,4,4
11652,4,4
11653,4,5
11654,4,4
11655,4,5
11656,4,4
11659,4,4
11661,4,4
11662,4,4
11663,4,4
11664,4,4
11665,4,6
11666,4,4
11667,4,6
11668,4,6
11671,4,4
11672,4,5
11673,4,6
11674,4,4
11675,4,5
11676,4,5
11678,4,4
11680,4,4
11681,4,5
11682,4,7
11683,4,5
11684,4,5
11685,4,5
11686,4,5
11687,4,4
11688,4,6
11690,4,4
11691,4,5
11692,4,4
11693,4,4
11694,4,6
11695,4,5
11696,4,4
11697,4,4
11698,4,4
11699,4,4
11700,4,4
11701,4,5
11704,4,4
11706,4,4
11707,4,4
11708,4,5
11709,4,5
11710,4,5
11711,4,4
11712,4,5
11713,4,4
11714,4,4
11715,4,4
11716,4,4
11717,4,4
11718,4,5
11719,4,7
11720,4,4
11721,4,4
11722,4,4
11723,4,5
11724,4,4
11725,4,4
11726,4,4
11727,4,4
11728,4,4
11729,4,5
11730,4,4
11731,4,6
11733,4,4
11734,4,5
11735,4,5
11736,4,4
11737,4,4
11738,4,5
11739,4,6
11741,4,4
11742,4,4
11743,4,5
11745,4,5
11746,4,4
11747,4,4
11748,4,4
11749,4,5
11750,4,4
11751,4,5
11753,4,4
11754,4,4
11755,4,7
11756,4,4
11757,4,4
11758,4,4
11759,4,5
11760,4,5
11761,4,4
11762,4,4
11764,4,4
11765,4,4
11766,4,4
11767,4,5
11768,4,4
11769,4,4
11770,4,4
11772,4,5
11773,4,4
11774,4,4
11775,4,4
11776,4,4
11777,4,5
11778,4,4
11779,4,6
11780,4,4
11781,4,4
11782,4,6
11784,4,4
11786,4,4
11787,4,5
11792,4,4
11793,4,5
11794,4,5
11795,4,5
11796,4,6
11797,4,5
11800,4,4
11801,4,4
11802,4,4
11803,4,4
11804,4,4
11805,4,6
11806,4,4
11807,4,5
11808,4,5
11809,4,4
11810,4,5
11811,4,5
11812,4,5
11813,4,4
11814,4,4
11815,4,5
11816,4,4
11817,4,5
11818,4,5
11819,4,5
11820,4,5
11821,4,4
11822,4,4
11823,4,4
11824,4,4
11825,4,5
11826,4,4
11827,4,4
11828,4,5
11829,4,4
11832,4,4
11833,4,4
11834,4,4
11835,4,5
11836,4,4
11837,4,5
11838,4,7
11839,4,4
11840,4,5
11841,4,4
11842,4,5
11843,4,5
11844,4,4
11846,4,4
11848,4,5
11849,4,6
11850,4,4
11851,4,5
11852,4,6
11853,4,4
11855,4,6
